2026-07-11 16:15:24 | INFO     | workflows.telesurgery_workflow | Initializing Telesurgery Workflow...
2026-07-11 16:15:27 | INFO     | agents.doctor             | Doctor Agent initialized.
2026-07-11 16:15:31 | INFO     | workflows.telesurgery_workflow | All agents initialized successfully.
2026-07-11 16:15:31 | INFO     | workflows.telesurgery_workflow | ======================================================================
2026-07-11 16:15:31 | INFO     | workflows.telesurgery_workflow | WORKFLOW STARTED
2026-07-11 16:15:31 | INFO     | workflows.telesurgery_workflow | ======================================================================
2026-07-11 16:15:31 | INFO     | workflows.telesurgery_workflow | Loading patient data...
2026-07-11 16:15:31 | INFO     | workflows.telesurgery_workflow | Patient data loaded successfully.
2026-07-11 16:15:31 | INFO     | workflows.telesurgery_workflow | PATIENT INFORMATION
2026-07-11 16:15:31 | INFO     | workflows.telesurgery_workflow | Patient ID : P001
2026-07-11 16:15:31 | INFO     | workflows.telesurgery_workflow | Age        : 46
2026-07-11 16:15:31 | INFO     | workflows.telesurgery_workflow | Gender     : Male
2026-07-11 16:15:31 | INFO     | workflows.telesurgery_workflow | Symptoms   : ['severe abdominal pain', 'fever', 'vomiting']
2026-07-11 16:15:31 | INFO     | workflows.telesurgery_workflow | History    : ['hypertension']
2026-07-11 16:15:31 | INFO     | workflows.telesurgery_workflow | Loading network traffic data...
2026-07-11 16:15:31 | INFO     | workflows.telesurgery_workflow | Network data loaded successfully.
2026-07-11 16:15:31 | INFO     | workflows.telesurgery_workflow | NETWORK INFORMATION
2026-07-11 16:15:31 | INFO     | workflows.telesurgery_workflow | Latency       : 180
2026-07-11 16:15:31 | INFO     | workflows.telesurgery_workflow | Packet Loss   : 7
2026-07-11 16:15:31 | INFO     | workflows.telesurgery_workflow | Bandwidth     : 80
2026-07-11 16:15:31 | INFO     | workflows.telesurgery_workflow | Attack Status : None
2026-07-11 16:15:31 | INFO     | workflows.telesurgery_workflow | ------------------------------------------------------------
2026-07-11 16:15:31 | INFO     | workflows.telesurgery_workflow | Passing Patient Data -> Doctor Agent
2026-07-11 16:15:31 | INFO     | workflows.telesurgery_workflow | ------------------------------------------------------------
2026-07-11 16:15:31 | INFO     | agents.doctor             | Generating diagnosis for patient P001
2026-07-11 16:15:45 | INFO     | agents.doctor             | Diagnosis completed successfully.
2026-07-11 16:15:45 | INFO     | workflows.telesurgery_workflow | Doctor Agent completed successfully.
2026-07-11 16:15:45 | INFO     | workflows.telesurgery_workflow | ------------------------------------------------------------
2026-07-11 16:15:45 | INFO     | workflows.telesurgery_workflow | Passing Traffic Data -> Security Agent
2026-07-11 16:15:45 | INFO     | workflows.telesurgery_workflow | ------------------------------------------------------------
2026-07-11 16:15:59 | INFO     | workflows.telesurgery_workflow | Security Agent completed successfully.
2026-07-11 16:15:59 | INFO     | workflows.telesurgery_workflow | ------------------------------------------------------------
2026-07-11 16:15:59 | INFO     | workflows.telesurgery_workflow | Passing Security Result -> Protocol Switcher
2026-07-11 16:15:59 | INFO     | workflows.telesurgery_workflow | ------------------------------------------------------------
2026-07-11 16:15:59 | INFO     | workflows.telesurgery_workflow | Protocol selected successfully.
2026-07-11 16:15:59 | INFO     | workflows.telesurgery_workflow | ------------------------------------------------------------
2026-07-11 16:15:59 | INFO     | workflows.telesurgery_workflow | Passing Results -> Feedback Agent
2026-07-11 16:15:59 | INFO     | workflows.telesurgery_workflow | ------------------------------------------------------------
2026-07-11 16:16:25 | INFO     | workflows.telesurgery_workflow | Feedback generated successfully.
2026-07-11 16:16:25 | INFO     | workflows.telesurgery_workflow | ------------------------------------------------------------
2026-07-11 16:16:25 | INFO     | workflows.telesurgery_workflow | Passing Decision -> Robotic Agent
2026-07-11 16:16:25 | INFO     | workflows.telesurgery_workflow | ------------------------------------------------------------
2026-07-11 16:16:25 | INFO     | workflows.telesurgery_workflow | Robotic Agent execution completed.
2026-07-11 16:16:25 | INFO     | workflows.telesurgery_workflow | ======================================================================
2026-07-11 16:16:25 | INFO     | workflows.telesurgery_workflow | FINAL WORKFLOW RESULTS
2026-07-11 16:16:25 | INFO     | workflows.telesurgery_workflow | ======================================================================
2026-07-11 16:16:25 | INFO     | workflows.telesurgery_workflow | Diagnosis           : Acute appendicitis
2026-07-11 16:16:25 | INFO     | workflows.telesurgery_workflow | Recommended Surgery : Laparoscopic appendectomy
2026-07-11 16:16:25 | INFO     | workflows.telesurgery_workflow | Urgency             : urgent
2026-07-11 16:16:25 | INFO     | workflows.telesurgery_workflow | Risk Level          : medium
2026-07-11 16:16:25 | INFO     | workflows.telesurgery_workflow | Attack Detected     : True
2026-07-11 16:16:25 | INFO     | workflows.telesurgery_workflow | Attack Type         : ddos
2026-07-11 16:16:25 | INFO     | workflows.telesurgery_workflow | Severity            : high
2026-07-11 16:16:25 | INFO     | workflows.telesurgery_workflow | Selected Protocol   : QUIC
2026-07-11 16:16:25 | INFO     | workflows.telesurgery_workflow | Protocol Reason     : High severity attack detected
2026-07-11 16:24:29 | INFO     | workflows.telesurgery_workflow | Initializing Telesurgery Workflow...
2026-07-11 16:24:31 | INFO     | agents.doctor             | Doctor Agent initialized.
2026-07-11 16:24:36 | INFO     | workflows.telesurgery_workflow | All agents initialized successfully.
2026-07-11 16:24:36 | INFO     | workflows.telesurgery_workflow | ======================================================================
2026-07-11 16:24:36 | INFO     | workflows.telesurgery_workflow | WORKFLOW STARTED
2026-07-11 16:24:36 | INFO     | workflows.telesurgery_workflow | ======================================================================
2026-07-11 16:24:36 | INFO     | workflows.telesurgery_workflow | Loading patient data...
2026-07-11 16:24:36 | INFO     | workflows.telesurgery_workflow | Patient data loaded successfully.
2026-07-11 16:24:36 | INFO     | workflows.telesurgery_workflow | PATIENT INFORMATION
2026-07-11 16:24:36 | INFO     | workflows.telesurgery_workflow | Patient ID : P001
2026-07-11 16:24:36 | INFO     | workflows.telesurgery_workflow | Age        : 46
2026-07-11 16:24:36 | INFO     | workflows.telesurgery_workflow | Gender     : Male
2026-07-11 16:24:36 | INFO     | workflows.telesurgery_workflow | Symptoms   : ['severe abdominal pain', 'fever', 'vomiting']
2026-07-11 16:24:36 | INFO     | workflows.telesurgery_workflow | History    : ['hypertension']
2026-07-11 16:24:36 | INFO     | workflows.telesurgery_workflow | Loading network traffic data...
2026-07-11 16:24:36 | INFO     | workflows.telesurgery_workflow | Network data loaded successfully.
2026-07-11 16:24:36 | INFO     | workflows.telesurgery_workflow | NETWORK INFORMATION
2026-07-11 16:24:36 | INFO     | workflows.telesurgery_workflow | Latency       : 180
2026-07-11 16:24:36 | INFO     | workflows.telesurgery_workflow | Packet Loss   : 7
2026-07-11 16:24:36 | INFO     | workflows.telesurgery_workflow | Bandwidth     : 80
2026-07-11 16:24:36 | INFO     | workflows.telesurgery_workflow | Attack Status : None
2026-07-11 16:24:36 | INFO     | workflows.telesurgery_workflow | ------------------------------------------------------------
2026-07-11 16:24:36 | INFO     | workflows.telesurgery_workflow | Passing Patient Data -> Doctor Agent
2026-07-11 16:24:36 | INFO     | workflows.telesurgery_workflow | ------------------------------------------------------------
2026-07-11 16:24:36 | INFO     | agents.doctor             | Generating diagnosis for patient P001
2026-07-11 16:25:02 | INFO     | agents.doctor             | Diagnosis completed successfully.
2026-07-11 16:25:02 | INFO     | workflows.telesurgery_workflow | Doctor Agent completed successfully.
2026-07-11 16:25:02 | INFO     | workflows.telesurgery_workflow | ------------------------------------------------------------
2026-07-11 16:25:02 | INFO     | workflows.telesurgery_workflow | Passing Traffic Data -> Security Agent
2026-07-11 16:25:02 | INFO     | workflows.telesurgery_workflow | ------------------------------------------------------------
2026-07-11 16:25:34 | INFO     | workflows.telesurgery_workflow | Security Agent completed successfully.
2026-07-11 16:25:34 | INFO     | workflows.telesurgery_workflow | ------------------------------------------------------------
2026-07-11 16:25:34 | INFO     | workflows.telesurgery_workflow | Passing Security Result -> Protocol Switcher
2026-07-11 16:25:34 | INFO     | workflows.telesurgery_workflow | ------------------------------------------------------------
2026-07-11 16:25:34 | INFO     | workflows.telesurgery_workflow | Protocol selected successfully.
2026-07-11 16:25:34 | INFO     | workflows.telesurgery_workflow | ------------------------------------------------------------
2026-07-11 16:25:34 | INFO     | workflows.telesurgery_workflow | Passing Results -> Feedback Agent
2026-07-11 16:25:34 | INFO     | workflows.telesurgery_workflow | ------------------------------------------------------------
2026-07-11 16:25:50 | INFO     | workflows.telesurgery_workflow | Feedback generated successfully.
2026-07-11 16:25:50 | INFO     | workflows.telesurgery_workflow | ------------------------------------------------------------
2026-07-11 16:25:50 | INFO     | workflows.telesurgery_workflow | Passing Decision -> Robotic Agent
2026-07-11 16:25:50 | INFO     | workflows.telesurgery_workflow | ------------------------------------------------------------
2026-07-11 16:25:50 | INFO     | workflows.telesurgery_workflow | Robotic Agent execution completed.
2026-07-11 16:25:50 | INFO     | workflows.telesurgery_workflow | ======================================================================
2026-07-11 16:25:50 | INFO     | workflows.telesurgery_workflow | FINAL WORKFLOW RESULTS
2026-07-11 16:25:50 | INFO     | workflows.telesurgery_workflow | ======================================================================
2026-07-11 16:25:50 | INFO     | workflows.telesurgery_workflow | Diagnosis           : Acute appendicitis
2026-07-11 16:25:50 | INFO     | workflows.telesurgery_workflow | Recommended Surgery : Laparoscopic appendectomy
2026-07-11 16:25:50 | INFO     | workflows.telesurgery_workflow | Urgency             : urgent
2026-07-11 16:25:50 | INFO     | workflows.telesurgery_workflow | Risk Level          : medium
2026-07-11 16:25:50 | INFO     | workflows.telesurgery_workflow | Attack Detected     : True
2026-07-11 16:25:50 | INFO     | workflows.telesurgery_workflow | Attack Type         : ddos
2026-07-11 16:25:50 | INFO     | workflows.telesurgery_workflow | Severity            : high
2026-07-11 16:25:50 | INFO     | workflows.telesurgery_workflow | Selected Protocol   : QUIC
2026-07-11 16:25:50 | INFO     | workflows.telesurgery_workflow | Protocol Reason     : High severity attack detected
2026-07-11 16:25:50 | INFO     | workflows.telesurgery_workflow | Expected Latency    : Low
2026-07-11 16:25:50 | INFO     | workflows.telesurgery_workflow | Security Level      : High
2026-07-11 16:25:50 | INFO     | workflows.telesurgery_workflow | Action              : pause
2026-07-11 16:25:50 | INFO     | workflows.telesurgery_workflow | Proceed             : False
2026-07-11 16:25:50 | INFO     | workflows.telesurgery_workflow | Reason              : Active high-severity DDoS attack detected. Pausing surgery to verify network stability and latency under the new QUIC protocol mitigation.
2026-07-11 16:25:50 | INFO     | workflows.telesurgery_workflow | Confidence          : high
2026-07-11 16:25:50 | INFO     | workflows.telesurgery_workflow | Robot Status        : PAUSED
2026-07-11 16:25:50 | INFO     | workflows.telesurgery_workflow | Robot Action        : Pause Surgery
2026-07-11 16:25:50 | INFO     | workflows.telesurgery_workflow | ======================================================================
2026-07-11 16:25:50 | INFO     | workflows.telesurgery_workflow | WORKFLOW COMPLETED SUCCESSFULLY
2026-07-11 16:25:50 | INFO     | workflows.telesurgery_workflow | Total Execution Time : 74.18 sec
2026-07-11 16:25:50 | INFO     | workflows.telesurgery_workflow | ======================================================================
2026-07-11 16:29:46 | INFO     | workflows.telesurgery_workflow | Initializing Telesurgery Workflow...
2026-07-11 16:29:50 | INFO     | agents.doctor             | Doctor Agent initialized.
2026-07-11 16:29:58 | INFO     | workflows.telesurgery_workflow | All agents initialized successfully.
2026-07-11 16:29:58 | INFO     | workflows.telesurgery_workflow | ======================================================================
2026-07-11 16:29:58 | INFO     | workflows.telesurgery_workflow | WORKFLOW STARTED
2026-07-11 16:29:58 | INFO     | workflows.telesurgery_workflow | ======================================================================
2026-07-11 16:29:58 | INFO     | workflows.telesurgery_workflow | Loading patient data...
2026-07-11 16:29:58 | INFO     | workflows.telesurgery_workflow | Patient data loaded successfully.
2026-07-11 16:29:58 | INFO     | workflows.telesurgery_workflow | PATIENT INFORMATION
2026-07-11 16:29:58 | INFO     | workflows.telesurgery_workflow | Patient ID : P001
2026-07-11 16:29:58 | INFO     | workflows.telesurgery_workflow | Age        : 46
2026-07-11 16:29:58 | INFO     | workflows.telesurgery_workflow | Gender     : Male
2026-07-11 16:29:58 | INFO     | workflows.telesurgery_workflow | Symptoms   : ['severe abdominal pain', 'fever', 'vomiting']
2026-07-11 16:29:58 | INFO     | workflows.telesurgery_workflow | History    : ['hypertension']
2026-07-11 16:29:58 | INFO     | workflows.telesurgery_workflow | Loading network traffic data...
2026-07-11 16:29:58 | INFO     | workflows.telesurgery_workflow | Network data loaded successfully.
2026-07-11 16:29:58 | INFO     | workflows.telesurgery_workflow | NETWORK INFORMATION
2026-07-11 16:29:58 | INFO     | workflows.telesurgery_workflow | Latency       : 180
2026-07-11 16:29:58 | INFO     | workflows.telesurgery_workflow | Packet Loss   : 7
2026-07-11 16:29:58 | INFO     | workflows.telesurgery_workflow | Bandwidth     : 80
2026-07-11 16:29:58 | INFO     | workflows.telesurgery_workflow | Attack Status : None
2026-07-11 16:29:58 | INFO     | workflows.telesurgery_workflow | ------------------------------------------------------------
2026-07-11 16:29:58 | INFO     | workflows.telesurgery_workflow | Passing Patient Data -> Doctor Agent
2026-07-11 16:29:58 | INFO     | workflows.telesurgery_workflow | ------------------------------------------------------------
2026-07-11 16:29:58 | INFO     | agents.doctor             | Generating diagnosis for patient P001
2026-07-11 16:30:18 | INFO     | agents.doctor             | Diagnosis completed successfully.
2026-07-11 16:30:18 | INFO     | workflows.telesurgery_workflow | Doctor Agent completed successfully.
2026-07-11 16:30:18 | INFO     | workflows.telesurgery_workflow | ------------------------------------------------------------
2026-07-11 16:30:18 | INFO     | workflows.telesurgery_workflow | Passing Traffic Data -> Security Agent
2026-07-11 16:30:18 | INFO     | workflows.telesurgery_workflow | ------------------------------------------------------------
2026-07-11 16:30:34 | INFO     | workflows.telesurgery_workflow | Security Agent completed successfully.
2026-07-11 16:30:34 | INFO     | workflows.telesurgery_workflow | ------------------------------------------------------------
2026-07-11 16:30:34 | INFO     | workflows.telesurgery_workflow | Passing Security Result -> Protocol Switcher
2026-07-11 16:30:34 | INFO     | workflows.telesurgery_workflow | ------------------------------------------------------------
2026-07-11 16:30:34 | INFO     | workflows.telesurgery_workflow | Protocol selected successfully.
2026-07-11 16:30:34 | INFO     | workflows.telesurgery_workflow | ------------------------------------------------------------
2026-07-11 16:30:34 | INFO     | workflows.telesurgery_workflow | Passing Results -> Feedback Agent
2026-07-11 16:30:34 | INFO     | workflows.telesurgery_workflow | ------------------------------------------------------------
2026-07-11 16:30:49 | INFO     | workflows.telesurgery_workflow | Feedback generated successfully.
2026-07-11 16:30:49 | INFO     | workflows.telesurgery_workflow | ------------------------------------------------------------
2026-07-11 16:30:49 | INFO     | workflows.telesurgery_workflow | Passing Decision -> Robotic Agent
2026-07-11 16:30:49 | INFO     | workflows.telesurgery_workflow | ------------------------------------------------------------
2026-07-11 16:30:49 | INFO     | workflows.telesurgery_workflow | Robotic Agent execution completed.
2026-07-11 16:30:49 | INFO     | workflows.telesurgery_workflow | ======================================================================
2026-07-11 16:30:49 | INFO     | workflows.telesurgery_workflow | FINAL WORKFLOW RESULTS
2026-07-11 16:30:49 | INFO     | workflows.telesurgery_workflow | ======================================================================
2026-07-11 16:30:49 | INFO     | workflows.telesurgery_workflow | Diagnosis           : Acute appendicitis
2026-07-11 16:30:49 | INFO     | workflows.telesurgery_workflow | Recommended Surgery : Laparoscopic appendectomy
2026-07-11 16:30:49 | INFO     | workflows.telesurgery_workflow | Urgency             : urgent
2026-07-11 16:30:49 | INFO     | workflows.telesurgery_workflow | Risk Level          : medium
2026-07-11 16:30:49 | INFO     | workflows.telesurgery_workflow | Attack Detected     : True
2026-07-11 16:30:49 | INFO     | workflows.telesurgery_workflow | Attack Type         : ddos
2026-07-11 16:30:49 | INFO     | workflows.telesurgery_workflow | Severity            : critical
2026-07-11 16:30:49 | INFO     | workflows.telesurgery_workflow | Selected Protocol   : QUIC
2026-07-11 16:30:49 | INFO     | workflows.telesurgery_workflow | Protocol Reason     : High severity attack detected
2026-07-11 16:30:49 | INFO     | workflows.telesurgery_workflow | Expected Latency    : Low
2026-07-11 16:30:49 | INFO     | workflows.telesurgery_workflow | Security Level      : High
2026-07-11 16:30:49 | INFO     | workflows.telesurgery_workflow | Action              : pause
2026-07-11 16:30:49 | INFO     | workflows.telesurgery_workflow | Proceed             : False
2026-07-11 16:30:49 | INFO     | workflows.telesurgery_workflow | Reason              : Critical DDoS attack detected. Surgery paused to activate traffic filtering and switch to backup satellite link.
2026-07-11 16:30:49 | INFO     | workflows.telesurgery_workflow | Confidence          : high
2026-07-11 16:30:49 | INFO     | workflows.telesurgery_workflow | Robot Status        : PAUSED
2026-07-11 16:30:49 | INFO     | workflows.telesurgery_workflow | Robot Action        : Pause Surgery
2026-07-11 16:30:49 | INFO     | workflows.telesurgery_workflow | ======================================================================
2026-07-11 16:30:49 | INFO     | workflows.telesurgery_workflow | WORKFLOW COMPLETED SUCCESSFULLY
2026-07-11 16:30:49 | INFO     | workflows.telesurgery_workflow | Total Execution Time : 50.75 sec
2026-07-11 16:30:49 | INFO     | workflows.telesurgery_workflow | ======================================================================
2026-07-13 16:10:18 | INFO     | workflows.telesurgery_workflow | Initializing Telesurgery Workflow...
2026-07-13 16:10:19 | INFO     | agents.doctor             | Doctor Agent initialized.
2026-07-13 16:10:21 | INFO     | workflows.telesurgery_workflow | All agents initialized successfully.
2026-07-13 16:10:21 | INFO     | workflows.telesurgery_workflow | ======================================================================
2026-07-13 16:10:21 | INFO     | workflows.telesurgery_workflow | WORKFLOW STARTED
2026-07-13 16:10:21 | INFO     | workflows.telesurgery_workflow | ======================================================================
2026-07-13 16:10:21 | INFO     | workflows.telesurgery_workflow | Loading patient data...
2026-07-13 16:10:21 | INFO     | workflows.telesurgery_workflow | Patient data loaded successfully.
2026-07-13 16:10:21 | INFO     | workflows.telesurgery_workflow | PATIENT INFORMATION
2026-07-13 16:10:21 | INFO     | workflows.telesurgery_workflow | Patient ID : P001
2026-07-13 16:10:21 | INFO     | workflows.telesurgery_workflow | Age        : 46
2026-07-13 16:10:21 | INFO     | workflows.telesurgery_workflow | Gender     : Male
2026-07-13 16:10:21 | INFO     | workflows.telesurgery_workflow | Symptoms   : ['severe abdominal pain', 'fever', 'vomiting']
2026-07-13 16:10:21 | INFO     | workflows.telesurgery_workflow | History    : ['hypertension']
2026-07-13 16:10:21 | INFO     | workflows.telesurgery_workflow | Loading network traffic data...
2026-07-13 16:10:21 | INFO     | workflows.telesurgery_workflow | Network data loaded successfully.
2026-07-13 16:10:21 | INFO     | workflows.telesurgery_workflow | NETWORK INFORMATION
2026-07-13 16:10:21 | INFO     | workflows.telesurgery_workflow | Latency       : 180
2026-07-13 16:10:21 | INFO     | workflows.telesurgery_workflow | Packet Loss   : 7
2026-07-13 16:10:21 | INFO     | workflows.telesurgery_workflow | Bandwidth     : 80
2026-07-13 16:10:21 | INFO     | workflows.telesurgery_workflow | Attack Status : None
2026-07-13 16:10:21 | INFO     | workflows.telesurgery_workflow | ------------------------------------------------------------
2026-07-13 16:10:21 | INFO     | workflows.telesurgery_workflow | Passing Patient Data -> Doctor Agent
2026-07-13 16:10:21 | INFO     | workflows.telesurgery_workflow | ------------------------------------------------------------
2026-07-13 16:10:21 | INFO     | agents.doctor             | Generating diagnosis for patient P001
2026-07-13 16:10:38 | INFO     | agents.doctor             | Diagnosis completed successfully.
2026-07-13 16:10:38 | INFO     | workflows.telesurgery_workflow | Doctor Agent completed successfully.
2026-07-13 16:10:38 | INFO     | workflows.telesurgery_workflow | ------------------------------------------------------------
2026-07-13 16:10:38 | INFO     | workflows.telesurgery_workflow | Passing Traffic Data -> Security Agent
2026-07-13 16:10:38 | INFO     | workflows.telesurgery_workflow | ------------------------------------------------------------
2026-07-13 16:12:29 | INFO     | workflows.telesurgery_workflow | Security Agent completed successfully.
2026-07-13 16:12:29 | INFO     | workflows.telesurgery_workflow | ------------------------------------------------------------
2026-07-13 16:12:29 | INFO     | workflows.telesurgery_workflow | Passing Security Result -> Protocol Switcher
2026-07-13 16:12:29 | INFO     | workflows.telesurgery_workflow | ------------------------------------------------------------
2026-07-13 16:12:29 | INFO     | workflows.telesurgery_workflow | Protocol selected successfully.
2026-07-13 16:12:29 | INFO     | workflows.telesurgery_workflow | ------------------------------------------------------------
2026-07-13 16:12:29 | INFO     | workflows.telesurgery_workflow | Passing Results -> Feedback Agent
2026-07-13 16:12:29 | INFO     | workflows.telesurgery_workflow | ------------------------------------------------------------
2026-07-13 16:12:56 | INFO     | workflows.telesurgery_workflow | Feedback generated successfully.
2026-07-13 16:12:56 | INFO     | workflows.telesurgery_workflow | ------------------------------------------------------------
2026-07-13 16:12:56 | INFO     | workflows.telesurgery_workflow | Passing Decision -> Robotic Agent
2026-07-13 16:12:56 | INFO     | workflows.telesurgery_workflow | ------------------------------------------------------------
2026-07-13 16:12:56 | INFO     | workflows.telesurgery_workflow | Robotic Agent execution completed.
2026-07-13 16:12:56 | INFO     | workflows.telesurgery_workflow | ======================================================================
2026-07-13 16:12:56 | INFO     | workflows.telesurgery_workflow | FINAL WORKFLOW RESULTS
2026-07-13 16:12:56 | INFO     | workflows.telesurgery_workflow | ======================================================================
2026-07-13 16:12:56 | INFO     | workflows.telesurgery_workflow | Diagnosis           : Acute appendicitis
2026-07-13 16:12:56 | INFO     | workflows.telesurgery_workflow | Recommended Surgery : Laparoscopic appendectomy
2026-07-13 16:12:56 | INFO     | workflows.telesurgery_workflow | Urgency             : urgent
2026-07-13 16:12:56 | INFO     | workflows.telesurgery_workflow | Risk Level          : medium
2026-07-13 16:12:56 | INFO     | workflows.telesurgery_workflow | Attack Detected     : True
2026-07-13 16:12:56 | INFO     | workflows.telesurgery_workflow | Attack Type         : ddos
2026-07-13 16:12:56 | INFO     | workflows.telesurgery_workflow | Severity            : high
2026-07-13 16:12:56 | INFO     | workflows.telesurgery_workflow | Selected Protocol   : QUIC
2026-07-13 16:12:56 | INFO     | workflows.telesurgery_workflow | Protocol Reason     : High severity attack detected
2026-07-13 16:12:56 | INFO     | workflows.telesurgery_workflow | Expected Latency    : Low
2026-07-13 16:12:56 | INFO     | workflows.telesurgery_workflow | Security Level      : High
2026-07-13 16:12:56 | INFO     | workflows.telesurgery_workflow | Action              : pause
2026-07-13 16:12:56 | INFO     | workflows.telesurgery_workflow | Proceed             : False
2026-07-13 16:12:56 | INFO     | workflows.telesurgery_workflow | Reason              : High severity DDoS attack detected. Pausing robotic arm execution to safeguard patient safety while network mitigation and protocol switching to QUIC are finalized.
2026-07-13 16:12:56 | INFO     | workflows.telesurgery_workflow | Confidence          : high
2026-07-13 16:12:56 | INFO     | workflows.telesurgery_workflow | Robot Status        : PAUSED
2026-07-13 16:12:56 | INFO     | workflows.telesurgery_workflow | Robot Action        : Pause Surgery
2026-07-13 16:12:56 | INFO     | workflows.telesurgery_workflow | ======================================================================
2026-07-13 16:12:56 | INFO     | workflows.telesurgery_workflow | WORKFLOW COMPLETED SUCCESSFULLY
2026-07-13 16:12:56 | INFO     | workflows.telesurgery_workflow | Total Execution Time : 154.49 sec
2026-07-13 16:12:56 | INFO     | workflows.telesurgery_workflow | ======================================================================
2026-07-23 20:46:55 | INFO     | agents.doctor             | Doctor Agent initialized.
2026-07-23 20:46:57 | INFO     | agents.doctor             | Generating diagnosis for patient TC01
2026-07-23 20:46:58 | INFO     | agents.doctor             | Diagnosis completed successfully.
2026-07-23 20:48:36 | INFO     | agents.doctor             | Doctor Agent initialized.
2026-07-23 20:48:37 | INFO     | agents.doctor             | Generating diagnosis for patient TC01
2026-07-23 20:48:38 | INFO     | agents.doctor             | Diagnosis completed successfully.
2026-07-23 20:49:53 | INFO     | agents.doctor             | Doctor Agent initialized.
2026-07-23 20:49:54 | INFO     | agents.doctor             | Generating diagnosis for patient TC01
2026-07-23 20:49:55 | INFO     | agents.doctor             | Diagnosis completed successfully.
2026-07-23 20:50:22 | INFO     | agents.doctor             | Doctor Agent initialized.
2026-07-23 20:50:23 | INFO     | agents.doctor             | Generating diagnosis for patient TC01
2026-07-23 20:50:24 | INFO     | agents.doctor             | Diagnosis completed successfully.
2026-07-23 20:53:25 | INFO     | agents.doctor             | Doctor Agent initialized.
2026-07-23 20:54:18 | INFO     | agents.doctor             | Doctor Agent initialized.
2026-07-23 20:54:19 | INFO     | agents.doctor             | Generating diagnosis for patient TC01
2026-07-23 20:54:20 | INFO     | agents.doctor             | Diagnosis completed successfully.
2026-07-23 22:34:31 | INFO     | workflows.telesurgery_workflow | Initializing Telesurgery Workflow...
2026-07-23 22:34:32 | INFO     | agents.doctor             | Doctor Agent initialized.
2026-07-23 22:35:53 | INFO     | workflows.telesurgery_workflow | Initializing Telesurgery Workflow...
2026-07-23 22:35:54 | INFO     | agents.doctor             | Doctor Agent initialized.
2026-07-23 22:35:55 | INFO     | workflows.telesurgery_workflow | All agents initialized successfully.
2026-07-23 22:37:40 | INFO     | workflows.telesurgery_workflow | Initializing Telesurgery Workflow...
2026-07-23 22:37:41 | INFO     | agents.doctor             | Doctor Agent initialized.
2026-07-23 22:37:42 | INFO     | workflows.telesurgery_workflow | All agents initialized successfully.
2026-07-23 22:37:42 | INFO     | workflows.telesurgery_workflow | ======================================================================
2026-07-23 22:37:42 | INFO     | workflows.telesurgery_workflow | WORKFLOW STARTED
2026-07-23 22:37:42 | INFO     | workflows.telesurgery_workflow | ======================================================================
2026-07-23 22:37:42 | INFO     | workflows.telesurgery_workflow | Loading patient data...
2026-07-23 22:37:42 | INFO     | workflows.telesurgery_workflow | Patient data loaded successfully.
2026-07-23 22:37:42 | INFO     | workflows.telesurgery_workflow | PATIENT INFORMATION
2026-07-23 22:37:42 | INFO     | workflows.telesurgery_workflow | Patient ID : P001
2026-07-23 22:37:42 | INFO     | workflows.telesurgery_workflow | Age        : 46
2026-07-23 22:37:42 | INFO     | workflows.telesurgery_workflow | Gender     : Male
2026-07-23 22:37:42 | INFO     | workflows.telesurgery_workflow | Symptoms   : ['severe abdominal pain', 'fever', 'vomiting']
2026-07-23 22:37:42 | INFO     | workflows.telesurgery_workflow | History    : ['hypertension']
2026-07-23 22:37:42 | INFO     | workflows.telesurgery_workflow | Loading network traffic data...
2026-07-23 22:37:42 | INFO     | workflows.telesurgery_workflow | Network data loaded successfully.
2026-07-23 22:37:42 | INFO     | workflows.telesurgery_workflow | NETWORK INFORMATION
2026-07-23 22:37:42 | INFO     | workflows.telesurgery_workflow | Latency       : 180
2026-07-23 22:37:42 | INFO     | workflows.telesurgery_workflow | Packet Loss   : 7
2026-07-23 22:37:42 | INFO     | workflows.telesurgery_workflow | Bandwidth     : 80
2026-07-23 22:37:42 | INFO     | workflows.telesurgery_workflow | Attack Status : None
2026-07-23 22:37:42 | INFO     | workflows.telesurgery_workflow | ------------------------------------------------------------
2026-07-23 22:37:42 | INFO     | workflows.telesurgery_workflow | Passing Patient Data -> Doctor Agent
2026-07-23 22:37:42 | INFO     | workflows.telesurgery_workflow | ------------------------------------------------------------
2026-07-23 22:37:42 | INFO     | agents.doctor             | Generating diagnosis for patient P001
2026-07-23 22:37:43 | INFO     | agents.doctor             | Diagnosis completed successfully.
2026-07-23 22:37:43 | INFO     | workflows.telesurgery_workflow | Doctor Agent completed successfully.
2026-07-23 22:37:43 | INFO     | workflows.telesurgery_workflow | ------------------------------------------------------------
2026-07-23 22:37:43 | INFO     | workflows.telesurgery_workflow | Passing Traffic Data -> Security Agent
2026-07-23 22:37:43 | INFO     | workflows.telesurgery_workflow | ------------------------------------------------------------
2026-07-23 22:38:27 | INFO     | workflows.telesurgery_workflow | Initializing Telesurgery Workflow...
2026-07-23 22:38:28 | INFO     | agents.doctor             | Doctor Agent initialized.
2026-07-23 22:38:29 | INFO     | workflows.telesurgery_workflow | All agents initialized successfully.
2026-07-23 22:38:29 | INFO     | workflows.telesurgery_workflow | ======================================================================
2026-07-23 22:38:29 | INFO     | workflows.telesurgery_workflow | WORKFLOW STARTED
2026-07-23 22:38:29 | INFO     | workflows.telesurgery_workflow | ======================================================================
2026-07-23 22:38:29 | INFO     | workflows.telesurgery_workflow | Loading patient data...
2026-07-23 22:38:29 | INFO     | workflows.telesurgery_workflow | Patient data loaded successfully.
2026-07-23 22:38:29 | INFO     | workflows.telesurgery_workflow | PATIENT INFORMATION
2026-07-23 22:38:29 | INFO     | workflows.telesurgery_workflow | Patient ID : P001
2026-07-23 22:38:29 | INFO     | workflows.telesurgery_workflow | Age        : 46
2026-07-23 22:38:29 | INFO     | workflows.telesurgery_workflow | Gender     : Male
2026-07-23 22:38:29 | INFO     | workflows.telesurgery_workflow | Symptoms   : ['severe abdominal pain', 'fever', 'vomiting']
2026-07-23 22:38:29 | INFO     | workflows.telesurgery_workflow | History    : ['hypertension']
2026-07-23 22:38:29 | INFO     | workflows.telesurgery_workflow | Loading network traffic data...
2026-07-23 22:38:29 | INFO     | workflows.telesurgery_workflow | Network data loaded successfully.
2026-07-23 22:38:29 | INFO     | workflows.telesurgery_workflow | NETWORK INFORMATION
2026-07-23 22:38:29 | INFO     | workflows.telesurgery_workflow | Latency       : 180
2026-07-23 22:38:29 | INFO     | workflows.telesurgery_workflow | Packet Loss   : 7
2026-07-23 22:38:29 | INFO     | workflows.telesurgery_workflow | Bandwidth     : 80
2026-07-23 22:38:29 | INFO     | workflows.telesurgery_workflow | Attack Status : None
2026-07-23 22:38:29 | INFO     | workflows.telesurgery_workflow | ------------------------------------------------------------
2026-07-23 22:38:29 | INFO     | workflows.telesurgery_workflow | Passing Patient Data -> Doctor Agent
2026-07-23 22:38:29 | INFO     | workflows.telesurgery_workflow | ------------------------------------------------------------
2026-07-23 22:38:29 | INFO     | agents.doctor             | Generating diagnosis for patient P001
2026-07-23 22:38:30 | INFO     | agents.doctor             | Diagnosis completed successfully.
2026-07-23 22:38:30 | INFO     | workflows.telesurgery_workflow | Doctor Agent completed successfully.
2026-07-23 22:38:30 | INFO     | workflows.telesurgery_workflow | ------------------------------------------------------------
2026-07-23 22:38:30 | INFO     | workflows.telesurgery_workflow | Passing Traffic Data -> Security Agent
2026-07-23 22:38:30 | INFO     | workflows.telesurgery_workflow | ------------------------------------------------------------
2026-07-23 22:38:30 | INFO     | workflows.telesurgery_workflow | Security Agent completed successfully.
2026-07-23 22:38:30 | INFO     | workflows.telesurgery_workflow | ------------------------------------------------------------
2026-07-23 22:38:30 | INFO     | workflows.telesurgery_workflow | Passing Security Result -> Protocol Switcher
2026-07-23 22:38:30 | INFO     | workflows.telesurgery_workflow | ------------------------------------------------------------
2026-07-23 22:39:00 | INFO     | workflows.telesurgery_workflow | Initializing Telesurgery Workflow...
2026-07-23 22:39:01 | INFO     | agents.doctor             | Doctor Agent initialized.
2026-07-23 22:39:03 | INFO     | workflows.telesurgery_workflow | All agents initialized successfully.
2026-07-23 22:39:03 | INFO     | workflows.telesurgery_workflow | ======================================================================
2026-07-23 22:39:03 | INFO     | workflows.telesurgery_workflow | WORKFLOW STARTED
2026-07-23 22:39:03 | INFO     | workflows.telesurgery_workflow | ======================================================================
2026-07-23 22:39:03 | INFO     | workflows.telesurgery_workflow | Loading patient data...
2026-07-23 22:39:03 | INFO     | workflows.telesurgery_workflow | Patient data loaded successfully.
2026-07-23 22:39:03 | INFO     | workflows.telesurgery_workflow | PATIENT INFORMATION
2026-07-23 22:39:03 | INFO     | workflows.telesurgery_workflow | Patient ID : P001
2026-07-23 22:39:03 | INFO     | workflows.telesurgery_workflow | Age        : 46
2026-07-23 22:39:03 | INFO     | workflows.telesurgery_workflow | Gender     : Male
2026-07-23 22:39:03 | INFO     | workflows.telesurgery_workflow | Symptoms   : ['severe abdominal pain', 'fever', 'vomiting']
2026-07-23 22:39:03 | INFO     | workflows.telesurgery_workflow | History    : ['hypertension']
2026-07-23 22:39:03 | INFO     | workflows.telesurgery_workflow | Loading network traffic data...
2026-07-23 22:39:03 | INFO     | workflows.telesurgery_workflow | Network data loaded successfully.
2026-07-23 22:39:03 | INFO     | workflows.telesurgery_workflow | NETWORK INFORMATION
2026-07-23 22:39:03 | INFO     | workflows.telesurgery_workflow | Latency       : 180
2026-07-23 22:39:03 | INFO     | workflows.telesurgery_workflow | Packet Loss   : 7
2026-07-23 22:39:03 | INFO     | workflows.telesurgery_workflow | Bandwidth     : 80
2026-07-23 22:39:03 | INFO     | workflows.telesurgery_workflow | Attack Status : None
2026-07-23 22:39:03 | INFO     | workflows.telesurgery_workflow | ------------------------------------------------------------
2026-07-23 22:39:03 | INFO     | workflows.telesurgery_workflow | Passing Patient Data -> Doctor Agent
2026-07-23 22:39:03 | INFO     | workflows.telesurgery_workflow | ------------------------------------------------------------
2026-07-23 22:39:03 | INFO     | agents.doctor             | Generating diagnosis for patient P001
2026-07-23 22:39:03 | INFO     | agents.doctor             | Diagnosis completed successfully.
2026-07-23 22:39:03 | INFO     | workflows.telesurgery_workflow | Doctor Agent completed successfully.
2026-07-23 22:39:03 | INFO     | workflows.telesurgery_workflow | ------------------------------------------------------------
2026-07-23 22:39:03 | INFO     | workflows.telesurgery_workflow | Passing Traffic Data -> Security Agent
2026-07-23 22:39:03 | INFO     | workflows.telesurgery_workflow | ------------------------------------------------------------
2026-07-23 22:39:04 | INFO     | workflows.telesurgery_workflow | Security Agent completed successfully.
2026-07-23 22:39:04 | INFO     | workflows.telesurgery_workflow | ------------------------------------------------------------
2026-07-23 22:39:04 | INFO     | workflows.telesurgery_workflow | Passing Security Result -> Protocol Switcher
2026-07-23 22:39:04 | INFO     | workflows.telesurgery_workflow | ------------------------------------------------------------
2026-07-23 22:39:04 | INFO     | workflows.telesurgery_workflow | Protocol selected successfully.
2026-07-23 22:39:04 | INFO     | workflows.telesurgery_workflow | ------------------------------------------------------------
2026-07-23 22:39:04 | INFO     | workflows.telesurgery_workflow | Passing Results -> Feedback Agent
2026-07-23 22:39:04 | INFO     | workflows.telesurgery_workflow | ------------------------------------------------------------
2026-07-23 22:39:05 | INFO     | workflows.telesurgery_workflow | Feedback generated successfully.
2026-07-23 22:39:05 | INFO     | workflows.telesurgery_workflow | ------------------------------------------------------------
2026-07-23 22:39:05 | INFO     | workflows.telesurgery_workflow | Passing Decision -> Robotic Agent
2026-07-23 22:39:05 | INFO     | workflows.telesurgery_workflow | ------------------------------------------------------------
2026-07-23 22:39:05 | INFO     | workflows.telesurgery_workflow | Robotic Agent execution completed.
2026-07-23 22:39:05 | INFO     | workflows.telesurgery_workflow | ======================================================================
2026-07-23 22:39:05 | INFO     | workflows.telesurgery_workflow | FINAL WORKFLOW RESULTS
2026-07-23 22:39:05 | INFO     | workflows.telesurgery_workflow | ======================================================================
2026-07-23 22:39:05 | INFO     | workflows.telesurgery_workflow | Diagnosis           : appendicitis
2026-07-23 22:39:05 | INFO     | workflows.telesurgery_workflow | Recommended Surgery : appendectomy
2026-07-23 22:39:06 | INFO     | workflows.telesurgery_workflow | Urgency             : urgent
2026-07-23 22:39:06 | INFO     | workflows.telesurgery_workflow | Risk Level          : medium
2026-07-23 22:39:06 | INFO     | workflows.telesurgery_workflow | Attack Detected     : True
2026-07-23 22:39:06 | INFO     | workflows.telesurgery_workflow | Attack Type         : ddos
2026-07-23 22:39:06 | INFO     | workflows.telesurgery_workflow | Severity            : high
2026-07-23 22:39:06 | INFO     | workflows.telesurgery_workflow | Selected Protocol   : QUIC
2026-07-23 22:39:06 | INFO     | workflows.telesurgery_workflow | Protocol Reason     : High severity attack detected
2026-07-23 22:39:06 | INFO     | workflows.telesurgery_workflow | Expected Latency    : Low
2026-07-23 22:39:06 | INFO     | workflows.telesurgery_workflow | Security Level      : High
2026-07-23 22:39:06 | INFO     | workflows.telesurgery_workflow | Action              : pause
2026-07-23 22:39:06 | INFO     | workflows.telesurgery_workflow | Proceed             : False
2026-07-23 22:39:06 | INFO     | workflows.telesurgery_workflow | Reason              : Security assessment indicates high severity attack detected
2026-07-23 22:39:06 | INFO     | workflows.telesurgery_workflow | Confidence          : 0.8
2026-07-23 22:39:06 | INFO     | workflows.telesurgery_workflow | Robot Status        : PAUSED
2026-07-23 22:39:06 | INFO     | workflows.telesurgery_workflow | Robot Action        : Pause Surgery
2026-07-23 22:39:06 | INFO     | workflows.telesurgery_workflow | ======================================================================
2026-07-23 22:39:06 | INFO     | workflows.telesurgery_workflow | WORKFLOW COMPLETED SUCCESSFULLY
2026-07-23 22:39:06 | INFO     | workflows.telesurgery_workflow | Total Execution Time : 2.90 sec
2026-07-23 22:39:06 | INFO     | workflows.telesurgery_workflow | ======================================================================
2026-07-23 22:43:12 | INFO     | workflows.telesurgery_workflow | Initializing Telesurgery Workflow...
2026-07-23 22:43:13 | INFO     | agents.doctor             | Doctor Agent initialized.
2026-07-23 22:43:14 | INFO     | workflows.telesurgery_workflow | All agents initialized successfully.
2026-07-23 22:43:14 | INFO     | workflows.telesurgery_workflow | ======================================================================
2026-07-23 22:43:14 | INFO     | workflows.telesurgery_workflow | WORKFLOW STARTED
2026-07-23 22:43:14 | INFO     | workflows.telesurgery_workflow | ======================================================================
2026-07-23 22:43:14 | INFO     | workflows.telesurgery_workflow | Loading patient data...
2026-07-23 22:43:14 | INFO     | workflows.telesurgery_workflow | Patient data loaded successfully.
2026-07-23 22:43:14 | INFO     | workflows.telesurgery_workflow | PATIENT INFORMATION
2026-07-23 22:43:14 | INFO     | workflows.telesurgery_workflow | Patient ID : P001
2026-07-23 22:43:14 | INFO     | workflows.telesurgery_workflow | Age        : 46
2026-07-23 22:43:14 | INFO     | workflows.telesurgery_workflow | Gender     : Male
2026-07-23 22:43:14 | INFO     | workflows.telesurgery_workflow | Symptoms   : ['severe abdominal pain', 'fever', 'vomiting']
2026-07-23 22:43:14 | INFO     | workflows.telesurgery_workflow | History    : ['hypertension']
2026-07-23 22:43:14 | INFO     | workflows.telesurgery_workflow | Loading network traffic data...
2026-07-23 22:43:14 | INFO     | workflows.telesurgery_workflow | Network data loaded successfully.
2026-07-23 22:43:14 | INFO     | workflows.telesurgery_workflow | NETWORK INFORMATION
2026-07-23 22:43:14 | INFO     | workflows.telesurgery_workflow | Latency       : 180
2026-07-23 22:43:14 | INFO     | workflows.telesurgery_workflow | Packet Loss   : 7
2026-07-23 22:43:14 | INFO     | workflows.telesurgery_workflow | Bandwidth     : 80
2026-07-23 22:43:14 | INFO     | workflows.telesurgery_workflow | Attack Status : None
2026-07-23 22:43:14 | INFO     | workflows.telesurgery_workflow | ------------------------------------------------------------
2026-07-23 22:43:14 | INFO     | workflows.telesurgery_workflow | Passing Patient Data -> Doctor Agent
2026-07-23 22:43:14 | INFO     | workflows.telesurgery_workflow | ------------------------------------------------------------
2026-07-23 22:43:14 | INFO     | agents.doctor             | Generating diagnosis for patient P001
2026-07-23 22:43:15 | INFO     | agents.doctor             | Diagnosis completed successfully.
2026-07-23 22:43:15 | INFO     | workflows.telesurgery_workflow | Doctor Agent completed successfully.
2026-07-23 22:43:15 | INFO     | workflows.telesurgery_workflow | ------------------------------------------------------------
2026-07-23 22:43:15 | INFO     | workflows.telesurgery_workflow | Passing Traffic Data -> Security Agent
2026-07-23 22:43:15 | INFO     | workflows.telesurgery_workflow | ------------------------------------------------------------
2026-07-23 22:43:16 | INFO     | workflows.telesurgery_workflow | Security Agent completed successfully.
2026-07-23 22:43:16 | INFO     | workflows.telesurgery_workflow | ------------------------------------------------------------
2026-07-23 22:43:16 | INFO     | workflows.telesurgery_workflow | Passing Security Result -> Protocol Switcher
2026-07-23 22:43:16 | INFO     | workflows.telesurgery_workflow | ------------------------------------------------------------
2026-07-23 22:43:16 | INFO     | workflows.telesurgery_workflow | Protocol selected successfully.
2026-07-23 22:43:16 | INFO     | workflows.telesurgery_workflow | ------------------------------------------------------------
2026-07-23 22:43:16 | INFO     | workflows.telesurgery_workflow | Passing Results -> Feedback Agent
2026-07-23 22:43:16 | INFO     | workflows.telesurgery_workflow | ------------------------------------------------------------
2026-07-23 22:43:17 | INFO     | workflows.telesurgery_workflow | Feedback generated successfully.
2026-07-23 22:43:17 | INFO     | workflows.telesurgery_workflow | ------------------------------------------------------------
2026-07-23 22:43:17 | INFO     | workflows.telesurgery_workflow | Passing Decision -> Robotic Agent
2026-07-23 22:43:17 | INFO     | workflows.telesurgery_workflow | ------------------------------------------------------------
2026-07-23 22:43:17 | INFO     | workflows.telesurgery_workflow | Robotic Agent execution completed.
2026-07-23 22:43:17 | INFO     | workflows.telesurgery_workflow | ======================================================================
2026-07-23 22:43:17 | INFO     | workflows.telesurgery_workflow | FINAL WORKFLOW RESULTS
2026-07-23 22:43:17 | INFO     | workflows.telesurgery_workflow | ======================================================================
2026-07-23 22:43:17 | INFO     | workflows.telesurgery_workflow | Diagnosis           : appendicitis
2026-07-23 22:43:17 | INFO     | workflows.telesurgery_workflow | Recommended Surgery : appendectomy
2026-07-23 22:43:17 | INFO     | workflows.telesurgery_workflow | Urgency             : urgent
2026-07-23 22:43:17 | INFO     | workflows.telesurgery_workflow | Risk Level          : medium
2026-07-23 22:43:17 | INFO     | workflows.telesurgery_workflow | Attack Detected     : True
2026-07-23 22:43:17 | INFO     | workflows.telesurgery_workflow | Attack Type         : ddos
2026-07-23 22:43:17 | INFO     | workflows.telesurgery_workflow | Severity            : high
2026-07-23 22:43:17 | INFO     | workflows.telesurgery_workflow | Selected Protocol   : QUIC
2026-07-23 22:43:17 | INFO     | workflows.telesurgery_workflow | Protocol Reason     : High severity attack detected
2026-07-23 22:43:17 | INFO     | workflows.telesurgery_workflow | Expected Latency    : Low
2026-07-23 22:43:17 | INFO     | workflows.telesurgery_workflow | Security Level      : High
2026-07-23 22:43:17 | INFO     | workflows.telesurgery_workflow | Action              : pause
2026-07-23 22:43:17 | INFO     | workflows.telesurgery_workflow | Proceed             : False
2026-07-23 22:43:17 | INFO     | workflows.telesurgery_workflow | Reason              : Security threat detected, high severity attack
2026-07-23 22:43:17 | INFO     | workflows.telesurgery_workflow | Confidence          : 0.8
2026-07-23 22:43:17 | INFO     | workflows.telesurgery_workflow | Robot Status        : PAUSED
2026-07-23 22:43:17 | INFO     | workflows.telesurgery_workflow | Robot Action        : Pause Surgery
2026-07-23 22:43:17 | INFO     | workflows.telesurgery_workflow | ======================================================================
2026-07-23 22:43:17 | INFO     | workflows.telesurgery_workflow | WORKFLOW COMPLETED SUCCESSFULLY
2026-07-23 22:43:17 | INFO     | workflows.telesurgery_workflow | Total Execution Time : 2.59 sec
2026-07-23 22:43:17 | INFO     | workflows.telesurgery_workflow | ======================================================================
2026-07-23 22:50:07 | INFO     | workflows.telesurgery_workflow | Initializing Telesurgery Workflow...
2026-07-23 22:50:08 | INFO     | agents.doctor             | Doctor Agent initialized.
2026-07-23 22:50:09 | INFO     | workflows.telesurgery_workflow | All agents initialized successfully.
2026-07-23 22:50:09 | INFO     | workflows.telesurgery_workflow | ======================================================================
2026-07-23 22:50:09 | INFO     | workflows.telesurgery_workflow | WORKFLOW STARTED
2026-07-23 22:50:09 | INFO     | workflows.telesurgery_workflow | ======================================================================
2026-07-23 22:50:09 | INFO     | workflows.telesurgery_workflow | Loading patient data...
2026-07-23 22:50:09 | INFO     | workflows.telesurgery_workflow | Patient data loaded successfully.
2026-07-23 22:50:09 | INFO     | workflows.telesurgery_workflow | PATIENT INFORMATION
2026-07-23 22:50:09 | INFO     | workflows.telesurgery_workflow | Patient ID : P001
2026-07-23 22:50:09 | INFO     | workflows.telesurgery_workflow | Age        : 46
2026-07-23 22:50:09 | INFO     | workflows.telesurgery_workflow | Gender     : Male
2026-07-23 22:50:09 | INFO     | workflows.telesurgery_workflow | Symptoms   : ['severe abdominal pain', 'fever', 'vomiting']
2026-07-23 22:50:09 | INFO     | workflows.telesurgery_workflow | History    : ['hypertension']
2026-07-23 22:50:09 | INFO     | workflows.telesurgery_workflow | Loading network traffic data...
2026-07-23 22:50:09 | INFO     | workflows.telesurgery_workflow | Network data loaded successfully.
2026-07-23 22:50:09 | INFO     | workflows.telesurgery_workflow | NETWORK INFORMATION
2026-07-23 22:50:09 | INFO     | workflows.telesurgery_workflow | Latency       : 180
2026-07-23 22:50:09 | INFO     | workflows.telesurgery_workflow | Packet Loss   : 7
2026-07-23 22:50:09 | INFO     | workflows.telesurgery_workflow | Bandwidth     : 80
2026-07-23 22:50:09 | INFO     | workflows.telesurgery_workflow | Attack Status : None
2026-07-23 22:50:09 | INFO     | workflows.telesurgery_workflow | ------------------------------------------------------------
2026-07-23 22:50:09 | INFO     | workflows.telesurgery_workflow | Passing Patient Data -> Doctor Agent
2026-07-23 22:50:09 | INFO     | workflows.telesurgery_workflow | ------------------------------------------------------------
2026-07-23 22:50:09 | INFO     | agents.doctor             | Generating diagnosis for patient P001
2026-07-23 22:50:10 | INFO     | agents.doctor             | Diagnosis completed successfully.
2026-07-23 22:50:10 | INFO     | workflows.telesurgery_workflow | Doctor Agent completed successfully.
2026-07-23 22:50:10 | INFO     | workflows.telesurgery_workflow | ------------------------------------------------------------
2026-07-23 22:50:10 | INFO     | workflows.telesurgery_workflow | Passing Traffic Data -> Security Agent
2026-07-23 22:50:10 | INFO     | workflows.telesurgery_workflow | ------------------------------------------------------------
2026-07-23 22:50:11 | INFO     | workflows.telesurgery_workflow | Security Agent completed successfully.
2026-07-23 22:50:11 | INFO     | workflows.telesurgery_workflow | ------------------------------------------------------------
2026-07-23 22:50:11 | INFO     | workflows.telesurgery_workflow | Passing Security Result -> Protocol Switcher
2026-07-23 22:50:11 | INFO     | workflows.telesurgery_workflow | ------------------------------------------------------------
2026-07-23 22:50:11 | INFO     | workflows.telesurgery_workflow | Protocol selected successfully.
2026-07-23 22:50:11 | INFO     | workflows.telesurgery_workflow | ------------------------------------------------------------
2026-07-23 22:50:11 | INFO     | workflows.telesurgery_workflow | Passing Results -> Feedback Agent
2026-07-23 22:50:11 | INFO     | workflows.telesurgery_workflow | ------------------------------------------------------------
2026-07-23 22:50:12 | INFO     | workflows.telesurgery_workflow | Feedback generated successfully.
2026-07-23 22:50:12 | INFO     | workflows.telesurgery_workflow | ------------------------------------------------------------
2026-07-23 22:50:12 | INFO     | workflows.telesurgery_workflow | Passing Decision -> Robotic Agent
2026-07-23 22:50:12 | INFO     | workflows.telesurgery_workflow | ------------------------------------------------------------
2026-07-23 22:50:12 | INFO     | workflows.telesurgery_workflow | Robotic Agent execution completed.
2026-07-23 22:50:12 | INFO     | workflows.telesurgery_workflow | ======================================================================
2026-07-23 22:50:12 | INFO     | workflows.telesurgery_workflow | FINAL WORKFLOW RESULTS
2026-07-23 22:50:12 | INFO     | workflows.telesurgery_workflow | ======================================================================
2026-07-23 22:50:12 | INFO     | workflows.telesurgery_workflow | Diagnosis           : appendicitis
2026-07-23 22:50:12 | INFO     | workflows.telesurgery_workflow | Recommended Surgery : appendectomy
2026-07-23 22:50:12 | INFO     | workflows.telesurgery_workflow | Urgency             : urgent
2026-07-23 22:50:12 | INFO     | workflows.telesurgery_workflow | Risk Level          : medium
2026-07-23 22:50:12 | INFO     | workflows.telesurgery_workflow | Attack Detected     : True
2026-07-23 22:50:12 | INFO     | workflows.telesurgery_workflow | Attack Type         : ddos
2026-07-23 22:50:12 | INFO     | workflows.telesurgery_workflow | Severity            : high
2026-07-23 22:50:12 | INFO     | workflows.telesurgery_workflow | Selected Protocol   : QUIC
2026-07-23 22:50:12 | INFO     | workflows.telesurgery_workflow | Protocol Reason     : High severity attack detected
2026-07-23 22:50:12 | INFO     | workflows.telesurgery_workflow | Expected Latency    : Low
2026-07-23 22:50:12 | INFO     | workflows.telesurgery_workflow | Security Level      : High
2026-07-23 22:50:12 | INFO     | workflows.telesurgery_workflow | Action              : abort
2026-07-23 22:50:12 | INFO     | workflows.telesurgery_workflow | Proceed             : False
2026-07-23 22:50:12 | INFO     | workflows.telesurgery_workflow | Reason              : security risk due to ddos attack
2026-07-23 22:50:12 | INFO     | workflows.telesurgery_workflow | Confidence          : high
2026-07-23 22:50:12 | INFO     | workflows.telesurgery_workflow | Robot Status        : ABORTED
2026-07-23 22:50:12 | INFO     | workflows.telesurgery_workflow | Robot Action        : Abort Surgery
2026-07-23 22:50:12 | INFO     | workflows.telesurgery_workflow | ======================================================================
2026-07-23 22:50:12 | INFO     | workflows.telesurgery_workflow | WORKFLOW COMPLETED SUCCESSFULLY
2026-07-23 22:50:12 | INFO     | workflows.telesurgery_workflow | Total Execution Time : 3.06 sec
2026-07-23 22:50:12 | INFO     | workflows.telesurgery_workflow | ======================================================================
2026-07-23 22:56:28 | INFO     | workflows.telesurgery_workflow | Initializing Telesurgery Workflow...
2026-07-23 22:56:29 | INFO     | agents.doctor             | Doctor Agent initialized.
2026-07-23 22:56:30 | INFO     | workflows.telesurgery_workflow | All agents initialized successfully.
2026-07-23 22:56:30 | INFO     | workflows.telesurgery_workflow | ======================================================================
2026-07-23 22:56:30 | INFO     | workflows.telesurgery_workflow | WORKFLOW STARTED
2026-07-23 22:56:30 | INFO     | workflows.telesurgery_workflow | ======================================================================
2026-07-23 22:56:30 | INFO     | workflows.telesurgery_workflow | Loading patient data...
2026-07-23 22:56:30 | INFO     | workflows.telesurgery_workflow | Patient data loaded successfully.
2026-07-23 22:56:30 | INFO     | workflows.telesurgery_workflow | PATIENT INFORMATION
2026-07-23 22:56:30 | INFO     | workflows.telesurgery_workflow | Patient ID : P001
2026-07-23 22:56:30 | INFO     | workflows.telesurgery_workflow | Age        : 46
2026-07-23 22:56:30 | INFO     | workflows.telesurgery_workflow | Gender     : Male
2026-07-23 22:56:30 | INFO     | workflows.telesurgery_workflow | Symptoms   : ['severe abdominal pain', 'fever', 'vomiting']
2026-07-23 22:56:30 | INFO     | workflows.telesurgery_workflow | History    : ['hypertension']
2026-07-23 22:56:30 | INFO     | workflows.telesurgery_workflow | Loading network traffic data...
2026-07-23 22:56:30 | INFO     | workflows.telesurgery_workflow | Network data loaded successfully.
2026-07-23 22:56:30 | INFO     | workflows.telesurgery_workflow | NETWORK INFORMATION
2026-07-23 22:56:30 | INFO     | workflows.telesurgery_workflow | Latency       : 180
2026-07-23 22:56:30 | INFO     | workflows.telesurgery_workflow | Packet Loss   : 7
2026-07-23 22:56:30 | INFO     | workflows.telesurgery_workflow | Bandwidth     : 80
2026-07-23 22:56:30 | INFO     | workflows.telesurgery_workflow | Attack Status : None
2026-07-23 22:56:30 | INFO     | workflows.telesurgery_workflow | ------------------------------------------------------------
2026-07-23 22:56:30 | INFO     | workflows.telesurgery_workflow | Passing Patient Data -> Doctor Agent
2026-07-23 22:56:30 | INFO     | workflows.telesurgery_workflow | ------------------------------------------------------------
2026-07-23 22:56:30 | INFO     | agents.doctor             | Generating diagnosis for patient P001
2026-07-23 22:56:31 | INFO     | agents.doctor             | Diagnosis completed successfully.
2026-07-23 22:56:31 | INFO     | workflows.telesurgery_workflow | Doctor Agent completed successfully.
2026-07-23 22:56:31 | INFO     | workflows.telesurgery_workflow | ------------------------------------------------------------
2026-07-23 22:56:31 | INFO     | workflows.telesurgery_workflow | Passing Traffic Data -> Security Agent
2026-07-23 22:56:31 | INFO     | workflows.telesurgery_workflow | ------------------------------------------------------------
2026-07-23 22:56:32 | INFO     | workflows.telesurgery_workflow | Security Agent completed successfully.
2026-07-23 22:56:32 | INFO     | workflows.telesurgery_workflow | ------------------------------------------------------------
2026-07-23 22:56:32 | INFO     | workflows.telesurgery_workflow | Passing Security Result -> Protocol Switcher
2026-07-23 22:56:32 | INFO     | workflows.telesurgery_workflow | ------------------------------------------------------------
2026-07-23 22:56:32 | INFO     | workflows.telesurgery_workflow | Protocol selected successfully.
2026-07-23 22:56:32 | INFO     | workflows.telesurgery_workflow | ------------------------------------------------------------
2026-07-23 22:56:32 | INFO     | workflows.telesurgery_workflow | Passing Results -> Feedback Agent
2026-07-23 22:56:32 | INFO     | workflows.telesurgery_workflow | ------------------------------------------------------------
2026-07-23 22:56:33 | INFO     | workflows.telesurgery_workflow | Feedback generated successfully.
2026-07-23 22:56:33 | INFO     | workflows.telesurgery_workflow | ------------------------------------------------------------
2026-07-23 22:56:33 | INFO     | workflows.telesurgery_workflow | Passing Decision -> Robotic Agent
2026-07-23 22:56:33 | INFO     | workflows.telesurgery_workflow | ------------------------------------------------------------
2026-07-23 22:56:33 | INFO     | workflows.telesurgery_workflow | Robotic Agent execution completed.
2026-07-23 22:56:33 | INFO     | workflows.telesurgery_workflow | ======================================================================
2026-07-23 22:56:33 | INFO     | workflows.telesurgery_workflow | FINAL WORKFLOW RESULTS
2026-07-23 22:56:33 | INFO     | workflows.telesurgery_workflow | ======================================================================
2026-07-23 22:56:33 | INFO     | workflows.telesurgery_workflow | Diagnosis           : appendicitis
2026-07-23 22:56:33 | INFO     | workflows.telesurgery_workflow | Recommended Surgery : appendectomy
2026-07-23 22:56:33 | INFO     | workflows.telesurgery_workflow | Urgency             : urgent
2026-07-23 22:56:33 | INFO     | workflows.telesurgery_workflow | Risk Level          : medium
2026-07-23 22:56:33 | INFO     | workflows.telesurgery_workflow | Attack Detected     : True
2026-07-23 22:56:33 | INFO     | workflows.telesurgery_workflow | Attack Type         : ddos
2026-07-23 22:56:33 | INFO     | workflows.telesurgery_workflow | Severity            : high
2026-07-23 22:56:33 | INFO     | workflows.telesurgery_workflow | Selected Protocol   : QUIC
2026-07-23 22:56:33 | INFO     | workflows.telesurgery_workflow | Protocol Reason     : High severity attack detected
2026-07-23 22:56:33 | INFO     | workflows.telesurgery_workflow | Expected Latency    : Low
2026-07-23 22:56:33 | INFO     | workflows.telesurgery_workflow | Security Level      : High
2026-07-23 22:56:33 | INFO     | workflows.telesurgery_workflow | Action              : abort
2026-07-23 22:56:33 | INFO     | workflows.telesurgery_workflow | Proceed             : False
2026-07-23 22:56:33 | INFO     | workflows.telesurgery_workflow | Reason              : Security assessment indicates high severity attack detected
2026-07-23 22:56:33 | INFO     | workflows.telesurgery_workflow | Confidence          : high
2026-07-23 22:56:33 | INFO     | workflows.telesurgery_workflow | Robot Status        : ABORTED
2026-07-23 22:56:33 | INFO     | workflows.telesurgery_workflow | Robot Action        : Abort Surgery
2026-07-23 22:56:33 | INFO     | workflows.telesurgery_workflow | ======================================================================
2026-07-23 22:56:33 | INFO     | workflows.telesurgery_workflow | WORKFLOW COMPLETED SUCCESSFULLY
2026-07-23 22:56:33 | INFO     | workflows.telesurgery_workflow | Total Execution Time : 2.71 sec
2026-07-23 22:56:33 | INFO     | workflows.telesurgery_workflow | ======================================================================
2026-07-23 22:58:17 | INFO     | workflows.telesurgery_workflow | Initializing Telesurgery Workflow...
2026-07-23 22:58:18 | INFO     | agents.doctor             | Doctor Agent initialized.
2026-07-23 22:58:19 | INFO     | workflows.telesurgery_workflow | All agents initialized successfully.
2026-07-23 22:58:19 | INFO     | workflows.telesurgery_workflow | ======================================================================
2026-07-23 22:58:19 | INFO     | workflows.telesurgery_workflow | WORKFLOW STARTED
2026-07-23 22:58:19 | INFO     | workflows.telesurgery_workflow | ======================================================================
2026-07-23 22:58:19 | INFO     | workflows.telesurgery_workflow | Loading patient data...
2026-07-23 22:58:19 | INFO     | workflows.telesurgery_workflow | Patient data loaded successfully.
2026-07-23 22:58:19 | INFO     | workflows.telesurgery_workflow | PATIENT INFORMATION
2026-07-23 22:58:19 | INFO     | workflows.telesurgery_workflow | Patient ID : P001
2026-07-23 22:58:19 | INFO     | workflows.telesurgery_workflow | Age        : 46
2026-07-23 22:58:19 | INFO     | workflows.telesurgery_workflow | Gender     : Male
2026-07-23 22:58:19 | INFO     | workflows.telesurgery_workflow | Symptoms   : ['severe abdominal pain', 'fever', 'vomiting']
2026-07-23 22:58:19 | INFO     | workflows.telesurgery_workflow | History    : ['hypertension']
2026-07-23 22:58:19 | INFO     | workflows.telesurgery_workflow | Loading network traffic data...
2026-07-23 22:58:19 | INFO     | workflows.telesurgery_workflow | Network data loaded successfully.
2026-07-23 22:58:19 | INFO     | workflows.telesurgery_workflow | NETWORK INFORMATION
2026-07-23 22:58:19 | INFO     | workflows.telesurgery_workflow | Latency       : 180
2026-07-23 22:58:19 | INFO     | workflows.telesurgery_workflow | Packet Loss   : 7
2026-07-23 22:58:19 | INFO     | workflows.telesurgery_workflow | Bandwidth     : 80
2026-07-23 22:58:19 | INFO     | workflows.telesurgery_workflow | Attack Status : None
2026-07-23 22:58:19 | INFO     | workflows.telesurgery_workflow | ------------------------------------------------------------
2026-07-23 22:58:19 | INFO     | workflows.telesurgery_workflow | Passing Patient Data -> Doctor Agent
2026-07-23 22:58:19 | INFO     | workflows.telesurgery_workflow | ------------------------------------------------------------
2026-07-23 22:58:19 | INFO     | agents.doctor             | Generating diagnosis for patient P001
2026-07-23 22:58:20 | INFO     | agents.doctor             | Diagnosis completed successfully.
2026-07-23 22:58:20 | INFO     | workflows.telesurgery_workflow | Doctor Agent completed successfully.
2026-07-23 22:58:20 | INFO     | workflows.telesurgery_workflow | ------------------------------------------------------------
2026-07-23 22:58:20 | INFO     | workflows.telesurgery_workflow | Passing Traffic Data -> Security Agent
2026-07-23 22:58:20 | INFO     | workflows.telesurgery_workflow | ------------------------------------------------------------
2026-07-23 22:58:21 | INFO     | workflows.telesurgery_workflow | Security Agent completed successfully.
2026-07-23 22:58:21 | INFO     | workflows.telesurgery_workflow | ------------------------------------------------------------
2026-07-23 22:58:21 | INFO     | workflows.telesurgery_workflow | Passing Security Result -> Protocol Switcher
2026-07-23 22:58:21 | INFO     | workflows.telesurgery_workflow | ------------------------------------------------------------
2026-07-23 22:58:21 | INFO     | workflows.telesurgery_workflow | Protocol selected successfully.
2026-07-23 22:58:21 | INFO     | workflows.telesurgery_workflow | ------------------------------------------------------------
2026-07-23 22:58:21 | INFO     | workflows.telesurgery_workflow | Passing Results -> Feedback Agent
2026-07-23 22:58:21 | INFO     | workflows.telesurgery_workflow | ------------------------------------------------------------
2026-07-23 22:58:22 | INFO     | workflows.telesurgery_workflow | Feedback generated successfully.
2026-07-23 22:58:22 | INFO     | workflows.telesurgery_workflow | ------------------------------------------------------------
2026-07-23 22:58:22 | INFO     | workflows.telesurgery_workflow | Passing Decision -> Robotic Agent
2026-07-23 22:58:22 | INFO     | workflows.telesurgery_workflow | ------------------------------------------------------------
2026-07-23 22:58:22 | INFO     | workflows.telesurgery_workflow | Robotic Agent execution completed.
2026-07-23 22:58:22 | INFO     | workflows.telesurgery_workflow | ======================================================================
2026-07-23 22:58:22 | INFO     | workflows.telesurgery_workflow | FINAL WORKFLOW RESULTS
2026-07-23 22:58:22 | INFO     | workflows.telesurgery_workflow | ======================================================================
2026-07-23 22:58:22 | INFO     | workflows.telesurgery_workflow | Diagnosis           : appendicitis
2026-07-23 22:58:22 | INFO     | workflows.telesurgery_workflow | Recommended Surgery : appendectomy
2026-07-23 22:58:22 | INFO     | workflows.telesurgery_workflow | Urgency             : urgent
2026-07-23 22:58:22 | INFO     | workflows.telesurgery_workflow | Risk Level          : medium
2026-07-23 22:58:22 | INFO     | workflows.telesurgery_workflow | Attack Detected     : True
2026-07-23 22:58:22 | INFO     | workflows.telesurgery_workflow | Attack Type         : ddos
2026-07-23 22:58:22 | INFO     | workflows.telesurgery_workflow | Severity            : high
2026-07-23 22:58:22 | INFO     | workflows.telesurgery_workflow | Selected Protocol   : QUIC
2026-07-23 22:58:22 | INFO     | workflows.telesurgery_workflow | Protocol Reason     : High severity attack detected
2026-07-23 22:58:22 | INFO     | workflows.telesurgery_workflow | Expected Latency    : Low
2026-07-23 22:58:22 | INFO     | workflows.telesurgery_workflow | Security Level      : High
2026-07-23 22:58:22 | INFO     | workflows.telesurgery_workflow | Action              : pause
2026-07-23 22:58:22 | INFO     | workflows.telesurgery_workflow | Proceed             : False
2026-07-23 22:58:22 | INFO     | workflows.telesurgery_workflow | Reason              : Security threat detected
2026-07-23 22:58:22 | INFO     | workflows.telesurgery_workflow | Confidence          : 0.8
2026-07-23 22:58:22 | INFO     | workflows.telesurgery_workflow | Robot Status        : PAUSED
2026-07-23 22:58:22 | INFO     | workflows.telesurgery_workflow | Robot Action        : Pause Surgery
2026-07-23 22:58:22 | INFO     | workflows.telesurgery_workflow | ======================================================================
2026-07-23 22:58:22 | INFO     | workflows.telesurgery_workflow | WORKFLOW COMPLETED SUCCESSFULLY
2026-07-23 22:58:22 | INFO     | workflows.telesurgery_workflow | Total Execution Time : 2.75 sec
2026-07-23 22:58:22 | INFO     | workflows.telesurgery_workflow | ======================================================================
2026-07-23 22:59:32 | INFO     | workflows.telesurgery_workflow | Initializing Telesurgery Workflow...
2026-07-23 22:59:33 | INFO     | agents.doctor             | Doctor Agent initialized.
2026-07-23 22:59:35 | INFO     | workflows.telesurgery_workflow | All agents initialized successfully.
2026-07-23 22:59:35 | INFO     | workflows.telesurgery_workflow | ======================================================================
2026-07-23 22:59:35 | INFO     | workflows.telesurgery_workflow | WORKFLOW STARTED
2026-07-23 22:59:35 | INFO     | workflows.telesurgery_workflow | ======================================================================
2026-07-23 22:59:35 | INFO     | workflows.telesurgery_workflow | Loading patient data...
2026-07-23 22:59:35 | INFO     | workflows.telesurgery_workflow | Patient data loaded successfully.
2026-07-23 22:59:35 | INFO     | workflows.telesurgery_workflow | PATIENT INFORMATION
2026-07-23 22:59:35 | INFO     | workflows.telesurgery_workflow | Patient ID : P001
2026-07-23 22:59:35 | INFO     | workflows.telesurgery_workflow | Age        : 46
2026-07-23 22:59:35 | INFO     | workflows.telesurgery_workflow | Gender     : Male
2026-07-23 22:59:35 | INFO     | workflows.telesurgery_workflow | Symptoms   : ['severe abdominal pain', 'fever', 'vomiting']
2026-07-23 22:59:35 | INFO     | workflows.telesurgery_workflow | History    : ['hypertension']
2026-07-23 22:59:35 | INFO     | workflows.telesurgery_workflow | Loading network traffic data...
2026-07-23 22:59:35 | INFO     | workflows.telesurgery_workflow | Network data loaded successfully.
2026-07-23 22:59:35 | INFO     | workflows.telesurgery_workflow | NETWORK INFORMATION
2026-07-23 22:59:35 | INFO     | workflows.telesurgery_workflow | Latency       : 180
2026-07-23 22:59:35 | INFO     | workflows.telesurgery_workflow | Packet Loss   : 7
2026-07-23 22:59:35 | INFO     | workflows.telesurgery_workflow | Bandwidth     : 80
2026-07-23 22:59:35 | INFO     | workflows.telesurgery_workflow | Attack Status : None
2026-07-23 22:59:35 | INFO     | workflows.telesurgery_workflow | ------------------------------------------------------------
2026-07-23 22:59:35 | INFO     | workflows.telesurgery_workflow | Passing Patient Data -> Doctor Agent
2026-07-23 22:59:35 | INFO     | workflows.telesurgery_workflow | ------------------------------------------------------------
2026-07-23 22:59:35 | INFO     | agents.doctor             | Generating diagnosis for patient P001
2026-07-23 22:59:35 | INFO     | agents.doctor             | Diagnosis completed successfully.
2026-07-23 22:59:35 | INFO     | workflows.telesurgery_workflow | Doctor Agent completed successfully.
2026-07-23 22:59:35 | INFO     | workflows.telesurgery_workflow | ------------------------------------------------------------
2026-07-23 22:59:35 | INFO     | workflows.telesurgery_workflow | Passing Traffic Data -> Security Agent
2026-07-23 22:59:35 | INFO     | workflows.telesurgery_workflow | ------------------------------------------------------------
2026-07-23 22:59:36 | INFO     | workflows.telesurgery_workflow | Security Agent completed successfully.
2026-07-23 22:59:36 | INFO     | workflows.telesurgery_workflow | ------------------------------------------------------------
2026-07-23 22:59:36 | INFO     | workflows.telesurgery_workflow | Passing Security Result -> Protocol Switcher
2026-07-23 22:59:36 | INFO     | workflows.telesurgery_workflow | ------------------------------------------------------------
2026-07-23 22:59:36 | INFO     | workflows.telesurgery_workflow | Protocol selected successfully.
2026-07-23 22:59:36 | INFO     | workflows.telesurgery_workflow | ------------------------------------------------------------
2026-07-23 22:59:36 | INFO     | workflows.telesurgery_workflow | Passing Results -> Feedback Agent
2026-07-23 22:59:36 | INFO     | workflows.telesurgery_workflow | ------------------------------------------------------------
2026-07-23 22:59:36 | INFO     | workflows.telesurgery_workflow | Feedback generated successfully.
2026-07-23 22:59:36 | INFO     | workflows.telesurgery_workflow | ------------------------------------------------------------
2026-07-23 22:59:36 | INFO     | workflows.telesurgery_workflow | Passing Decision -> Robotic Agent
2026-07-23 22:59:36 | INFO     | workflows.telesurgery_workflow | ------------------------------------------------------------
2026-07-23 22:59:36 | INFO     | workflows.telesurgery_workflow | Robotic Agent execution completed.
2026-07-23 22:59:36 | INFO     | workflows.telesurgery_workflow | ======================================================================
2026-07-23 22:59:36 | INFO     | workflows.telesurgery_workflow | FINAL WORKFLOW RESULTS
2026-07-23 22:59:36 | INFO     | workflows.telesurgery_workflow | ======================================================================
2026-07-23 22:59:36 | INFO     | workflows.telesurgery_workflow | Diagnosis           : appendicitis
2026-07-23 22:59:36 | INFO     | workflows.telesurgery_workflow | Recommended Surgery : appendectomy
2026-07-23 22:59:36 | INFO     | workflows.telesurgery_workflow | Urgency             : urgent
2026-07-23 22:59:36 | INFO     | workflows.telesurgery_workflow | Risk Level          : medium
2026-07-23 22:59:36 | INFO     | workflows.telesurgery_workflow | Attack Detected     : True
2026-07-23 22:59:36 | INFO     | workflows.telesurgery_workflow | Attack Type         : ddos
2026-07-23 22:59:36 | INFO     | workflows.telesurgery_workflow | Severity            : high
2026-07-23 22:59:36 | INFO     | workflows.telesurgery_workflow | Selected Protocol   : QUIC
2026-07-23 22:59:36 | INFO     | workflows.telesurgery_workflow | Protocol Reason     : High severity attack detected
2026-07-23 22:59:36 | INFO     | workflows.telesurgery_workflow | Expected Latency    : Low
2026-07-23 22:59:36 | INFO     | workflows.telesurgery_workflow | Security Level      : High
2026-07-23 22:59:36 | INFO     | workflows.telesurgery_workflow | Action              : pause
2026-07-23 22:59:36 | INFO     | workflows.telesurgery_workflow | Proceed             : False
2026-07-23 22:59:36 | INFO     | workflows.telesurgery_workflow | Reason              : Security assessment indicates high severity attack detected
2026-07-23 22:59:36 | INFO     | workflows.telesurgery_workflow | Confidence          : 0.8
2026-07-23 22:59:36 | INFO     | workflows.telesurgery_workflow | Robot Status        : PAUSED
2026-07-23 22:59:36 | INFO     | workflows.telesurgery_workflow | Robot Action        : Pause Surgery
2026-07-23 22:59:36 | INFO     | workflows.telesurgery_workflow | ======================================================================
2026-07-23 22:59:36 | INFO     | workflows.telesurgery_workflow | WORKFLOW COMPLETED SUCCESSFULLY
2026-07-23 22:59:36 | INFO     | workflows.telesurgery_workflow | Total Execution Time : 1.87 sec
2026-07-23 22:59:36 | INFO     | workflows.telesurgery_workflow | ======================================================================
2026-07-23 23:03:42 | INFO     | workflows.telesurgery_workflow | Initializing Telesurgery Workflow...
2026-07-23 23:03:43 | INFO     | agents.doctor             | Doctor Agent initialized.
2026-07-23 23:03:45 | INFO     | workflows.telesurgery_workflow | All agents initialized successfully.
2026-07-23 23:03:45 | INFO     | workflows.telesurgery_workflow | ======================================================================
2026-07-23 23:03:45 | INFO     | workflows.telesurgery_workflow | WORKFLOW STARTED
2026-07-23 23:03:45 | INFO     | workflows.telesurgery_workflow | ======================================================================
2026-07-23 23:03:45 | INFO     | workflows.telesurgery_workflow | Loading patient data...
2026-07-23 23:03:45 | INFO     | workflows.telesurgery_workflow | Patient data loaded successfully.
2026-07-23 23:03:45 | INFO     | workflows.telesurgery_workflow | PATIENT INFORMATION
2026-07-23 23:03:45 | INFO     | workflows.telesurgery_workflow | Patient ID : P001
2026-07-23 23:03:45 | INFO     | workflows.telesurgery_workflow | Age        : 46
2026-07-23 23:03:45 | INFO     | workflows.telesurgery_workflow | Gender     : Male
2026-07-23 23:03:45 | INFO     | workflows.telesurgery_workflow | Symptoms   : ['severe abdominal pain', 'fever', 'vomiting']
2026-07-23 23:03:45 | INFO     | workflows.telesurgery_workflow | History    : ['hypertension']
2026-07-23 23:03:45 | INFO     | workflows.telesurgery_workflow | Loading network traffic data...
2026-07-23 23:03:45 | INFO     | workflows.telesurgery_workflow | Network data loaded successfully.
2026-07-23 23:03:45 | INFO     | workflows.telesurgery_workflow | NETWORK INFORMATION
2026-07-23 23:03:45 | INFO     | workflows.telesurgery_workflow | Latency       : 180
2026-07-23 23:03:45 | INFO     | workflows.telesurgery_workflow | Packet Loss   : 7
2026-07-23 23:03:45 | INFO     | workflows.telesurgery_workflow | Bandwidth     : 80
2026-07-23 23:03:45 | INFO     | workflows.telesurgery_workflow | Attack Status : None
2026-07-23 23:03:45 | INFO     | workflows.telesurgery_workflow | ------------------------------------------------------------
2026-07-23 23:03:45 | INFO     | workflows.telesurgery_workflow | Passing Patient Data -> Doctor Agent
2026-07-23 23:03:45 | INFO     | workflows.telesurgery_workflow | ------------------------------------------------------------
2026-07-23 23:03:45 | INFO     | agents.doctor             | Generating diagnosis for patient P001
2026-07-23 23:03:45 | INFO     | agents.doctor             | Diagnosis completed successfully.
2026-07-23 23:03:45 | INFO     | workflows.telesurgery_workflow | Doctor Agent completed successfully.
2026-07-23 23:03:45 | INFO     | workflows.telesurgery_workflow | ------------------------------------------------------------
2026-07-23 23:03:45 | INFO     | workflows.telesurgery_workflow | Passing Traffic Data -> Security Agent
2026-07-23 23:03:45 | INFO     | workflows.telesurgery_workflow | ------------------------------------------------------------
2026-07-23 23:03:46 | INFO     | workflows.telesurgery_workflow | Security Agent completed successfully.
2026-07-23 23:03:46 | INFO     | workflows.telesurgery_workflow | ------------------------------------------------------------
2026-07-23 23:03:46 | INFO     | workflows.telesurgery_workflow | Passing Security Result -> Protocol Switcher
2026-07-23 23:03:46 | INFO     | workflows.telesurgery_workflow | ------------------------------------------------------------
2026-07-23 23:03:46 | INFO     | workflows.telesurgery_workflow | Protocol selected successfully.
2026-07-23 23:03:46 | INFO     | workflows.telesurgery_workflow | ------------------------------------------------------------
2026-07-23 23:03:46 | INFO     | workflows.telesurgery_workflow | Passing Results -> Feedback Agent
2026-07-23 23:03:46 | INFO     | workflows.telesurgery_workflow | ------------------------------------------------------------
2026-07-23 23:03:46 | INFO     | workflows.telesurgery_workflow | Feedback generated successfully.
2026-07-23 23:03:46 | INFO     | workflows.telesurgery_workflow | ------------------------------------------------------------
2026-07-23 23:03:46 | INFO     | workflows.telesurgery_workflow | Passing Decision -> Robotic Agent
2026-07-23 23:03:46 | INFO     | workflows.telesurgery_workflow | ------------------------------------------------------------
2026-07-23 23:03:47 | INFO     | workflows.telesurgery_workflow | Robotic Agent execution completed.
2026-07-23 23:03:47 | INFO     | workflows.telesurgery_workflow | ======================================================================
2026-07-23 23:03:47 | INFO     | workflows.telesurgery_workflow | FINAL WORKFLOW RESULTS
2026-07-23 23:03:47 | INFO     | workflows.telesurgery_workflow | ======================================================================
2026-07-23 23:03:47 | INFO     | workflows.telesurgery_workflow | Diagnosis           : appendicitis
2026-07-23 23:03:47 | INFO     | workflows.telesurgery_workflow | Recommended Surgery : appendectomy
2026-07-23 23:03:47 | INFO     | workflows.telesurgery_workflow | Urgency             : urgent
2026-07-23 23:03:47 | INFO     | workflows.telesurgery_workflow | Risk Level          : medium
2026-07-23 23:03:47 | INFO     | workflows.telesurgery_workflow | Attack Detected     : True
2026-07-23 23:03:47 | INFO     | workflows.telesurgery_workflow | Attack Type         : ddos
2026-07-23 23:03:47 | INFO     | workflows.telesurgery_workflow | Severity            : high
2026-07-23 23:03:47 | INFO     | workflows.telesurgery_workflow | Selected Protocol   : QUIC
2026-07-23 23:03:47 | INFO     | workflows.telesurgery_workflow | Protocol Reason     : High severity attack detected
2026-07-23 23:03:47 | INFO     | workflows.telesurgery_workflow | Expected Latency    : Low
2026-07-23 23:03:47 | INFO     | workflows.telesurgery_workflow | Security Level      : High
2026-07-23 23:03:47 | INFO     | workflows.telesurgery_workflow | Action              : pause
2026-07-23 23:03:47 | INFO     | workflows.telesurgery_workflow | Proceed             : False
2026-07-23 23:03:47 | INFO     | workflows.telesurgery_workflow | Reason              : Security breach detected with high severity
2026-07-23 23:03:47 | INFO     | workflows.telesurgery_workflow | Confidence          : 0.8
2026-07-23 23:03:47 | INFO     | workflows.telesurgery_workflow | Robot Status        : PAUSED
2026-07-23 23:03:47 | INFO     | workflows.telesurgery_workflow | Robot Action        : Pause Surgery
2026-07-23 23:03:47 | INFO     | workflows.telesurgery_workflow | ======================================================================
2026-07-23 23:03:47 | INFO     | workflows.telesurgery_workflow | WORKFLOW COMPLETED SUCCESSFULLY
2026-07-23 23:03:47 | INFO     | workflows.telesurgery_workflow | Total Execution Time : 1.91 sec
2026-07-23 23:03:47 | INFO     | workflows.telesurgery_workflow | ======================================================================
2026-07-23 23:10:32 | INFO     | workflows.telesurgery_workflow | Initializing Telesurgery Workflow...
2026-07-23 23:10:34 | INFO     | agents.doctor             | Doctor Agent initialized.
2026-07-23 23:10:35 | INFO     | workflows.telesurgery_workflow | All agents initialized successfully.
2026-07-23 23:10:35 | INFO     | workflows.telesurgery_workflow | ======================================================================
2026-07-23 23:10:35 | INFO     | workflows.telesurgery_workflow | WORKFLOW STARTED
2026-07-23 23:10:35 | INFO     | workflows.telesurgery_workflow | ======================================================================
2026-07-23 23:10:35 | INFO     | workflows.telesurgery_workflow | Loading patient data...
2026-07-23 23:10:35 | INFO     | workflows.telesurgery_workflow | Patient data loaded successfully.
2026-07-23 23:10:35 | INFO     | workflows.telesurgery_workflow | PATIENT INFORMATION
2026-07-23 23:10:35 | INFO     | workflows.telesurgery_workflow | Patient ID : TC01
2026-07-23 23:10:35 | INFO     | workflows.telesurgery_workflow | Age        : Unknown
2026-07-23 23:10:35 | INFO     | workflows.telesurgery_workflow | Gender     : Unknown
2026-07-23 23:10:35 | INFO     | workflows.telesurgery_workflow | Symptoms   : Not Provided
2026-07-23 23:10:35 | INFO     | workflows.telesurgery_workflow | History    : None
2026-07-23 23:10:35 | INFO     | workflows.telesurgery_workflow | Loading network traffic data...
2026-07-23 23:10:35 | INFO     | workflows.telesurgery_workflow | Network data loaded successfully.
2026-07-23 23:10:35 | INFO     | workflows.telesurgery_workflow | NETWORK INFORMATION
2026-07-23 23:10:35 | INFO     | workflows.telesurgery_workflow | Latency       : 20
2026-07-23 23:10:35 | INFO     | workflows.telesurgery_workflow | Packet Loss   : 0
2026-07-23 23:10:35 | INFO     | workflows.telesurgery_workflow | Bandwidth     : None
2026-07-23 23:10:35 | INFO     | workflows.telesurgery_workflow | Attack Status : None
2026-07-23 23:10:35 | INFO     | workflows.telesurgery_workflow | ------------------------------------------------------------
2026-07-23 23:10:35 | INFO     | workflows.telesurgery_workflow | Passing Patient Data -> Doctor Agent
2026-07-23 23:10:35 | INFO     | workflows.telesurgery_workflow | ------------------------------------------------------------
2026-07-23 23:10:35 | INFO     | agents.doctor             | Generating diagnosis for patient TC01
2026-07-23 23:10:36 | INFO     | agents.doctor             | Diagnosis completed successfully.
2026-07-23 23:10:36 | INFO     | workflows.telesurgery_workflow | Doctor Agent completed successfully.
2026-07-23 23:10:36 | INFO     | workflows.telesurgery_workflow | ------------------------------------------------------------
2026-07-23 23:10:36 | INFO     | workflows.telesurgery_workflow | Passing Traffic Data -> Security Agent
2026-07-23 23:10:36 | INFO     | workflows.telesurgery_workflow | ------------------------------------------------------------
2026-07-23 23:10:36 | INFO     | workflows.telesurgery_workflow | Security Agent completed successfully.
2026-07-23 23:10:36 | INFO     | workflows.telesurgery_workflow | ------------------------------------------------------------
2026-07-23 23:10:36 | INFO     | workflows.telesurgery_workflow | Passing Security Result -> Protocol Switcher
2026-07-23 23:10:36 | INFO     | workflows.telesurgery_workflow | ------------------------------------------------------------
2026-07-23 23:10:36 | INFO     | workflows.telesurgery_workflow | Protocol selected successfully.
2026-07-23 23:10:36 | INFO     | workflows.telesurgery_workflow | ------------------------------------------------------------
2026-07-23 23:10:36 | INFO     | workflows.telesurgery_workflow | Passing Results -> Feedback Agent
2026-07-23 23:10:36 | INFO     | workflows.telesurgery_workflow | ------------------------------------------------------------
2026-07-23 23:10:37 | INFO     | workflows.telesurgery_workflow | Feedback generated successfully.
2026-07-23 23:10:37 | INFO     | workflows.telesurgery_workflow | ------------------------------------------------------------
2026-07-23 23:10:37 | INFO     | workflows.telesurgery_workflow | Passing Decision -> Robotic Agent
2026-07-23 23:10:37 | INFO     | workflows.telesurgery_workflow | ------------------------------------------------------------
2026-07-23 23:10:37 | INFO     | workflows.telesurgery_workflow | Robotic Agent execution completed.
2026-07-23 23:10:37 | INFO     | workflows.telesurgery_workflow | ======================================================================
2026-07-23 23:10:37 | INFO     | workflows.telesurgery_workflow | FINAL WORKFLOW RESULTS
2026-07-23 23:10:37 | INFO     | workflows.telesurgery_workflow | ======================================================================
2026-07-23 23:10:37 | INFO     | workflows.telesurgery_workflow | Diagnosis           : Normal appendicitis
2026-07-23 23:10:37 | INFO     | workflows.telesurgery_workflow | Recommended Surgery : Appendectomy
2026-07-23 23:10:37 | INFO     | workflows.telesurgery_workflow | Urgency             : urgent
2026-07-23 23:10:37 | INFO     | workflows.telesurgery_workflow | Risk Level          : medium
2026-07-23 23:10:37 | INFO     | workflows.telesurgery_workflow | Attack Detected     : False
2026-07-23 23:10:37 | INFO     | workflows.telesurgery_workflow | Attack Type         : none
2026-07-23 23:10:37 | INFO     | workflows.telesurgery_workflow | Severity            : low
2026-07-23 23:10:37 | INFO     | workflows.telesurgery_workflow | Selected Protocol   : UDP
2026-07-23 23:10:37 | INFO     | workflows.telesurgery_workflow | Protocol Reason     : Normal network
2026-07-23 23:10:37 | INFO     | workflows.telesurgery_workflow | Expected Latency    : Low
2026-07-23 23:10:37 | INFO     | workflows.telesurgery_workflow | Security Level      : Normal
2026-07-23 23:10:37 | INFO     | workflows.telesurgery_workflow | Action              : proceed
2026-07-23 23:10:37 | INFO     | workflows.telesurgery_workflow | Proceed             : True
2026-07-23 23:10:37 | INFO     | workflows.telesurgery_workflow | Reason              : normal network and no attack detected
2026-07-23 23:10:37 | INFO     | workflows.telesurgery_workflow | Confidence          : high
2026-07-23 23:10:37 | INFO     | workflows.telesurgery_workflow | Robot Status        : SUCCESS
2026-07-23 23:10:37 | INFO     | workflows.telesurgery_workflow | Robot Action        : Executing Surgery
2026-07-23 23:10:37 | INFO     | workflows.telesurgery_workflow | ======================================================================
2026-07-23 23:10:37 | INFO     | workflows.telesurgery_workflow | WORKFLOW COMPLETED SUCCESSFULLY
2026-07-23 23:10:37 | INFO     | workflows.telesurgery_workflow | Total Execution Time : 2.00 sec
2026-07-23 23:10:37 | INFO     | workflows.telesurgery_workflow | ======================================================================
2026-07-24 13:00:12 | INFO     | workflows.telesurgery_workflow | Initializing Telesurgery Workflow...
2026-07-24 13:00:13 | INFO     | agents.doctor             | Doctor Agent initialized.
2026-07-24 13:00:15 | INFO     | workflows.telesurgery_workflow | All agents initialized successfully.
2026-07-24 13:02:02 | INFO     | workflows.telesurgery_workflow | Initializing Telesurgery Workflow...
2026-07-24 13:02:03 | INFO     | agents.doctor             | Doctor Agent initialized.
2026-07-24 13:02:05 | INFO     | workflows.telesurgery_workflow | All agents initialized successfully.
2026-07-24 13:07:54 | INFO     | workflows.telesurgery_workflow | Initializing Telesurgery Workflow...
2026-07-24 13:07:55 | INFO     | agents.doctor             | Doctor Agent initialized.
2026-07-24 13:08:03 | INFO     | workflows.telesurgery_workflow | All agents initialized successfully.
2026-07-24 13:11:48 | INFO     | workflows.telesurgery_workflow | Initializing Telesurgery Workflow...
2026-07-24 13:11:49 | INFO     | agents.doctor             | Doctor Agent initialized.
2026-07-24 13:11:50 | INFO     | workflows.telesurgery_workflow | All agents initialized successfully.
2026-07-24 13:12:05 | INFO     | workflows.telesurgery_workflow | ======================================================================
2026-07-24 13:12:05 | INFO     | workflows.telesurgery_workflow | WORKFLOW STARTED
2026-07-24 13:12:05 | INFO     | workflows.telesurgery_workflow | ======================================================================
2026-07-24 13:12:05 | INFO     | workflows.telesurgery_workflow | Loading patient data...
2026-07-24 13:12:05 | INFO     | workflows.telesurgery_workflow | Patient data loaded successfully.
2026-07-24 13:12:05 | INFO     | workflows.telesurgery_workflow | PATIENT INFORMATION
2026-07-24 13:12:05 | INFO     | workflows.telesurgery_workflow | Patient ID : TC01
2026-07-24 13:12:05 | INFO     | workflows.telesurgery_workflow | Age        : Unknown
2026-07-24 13:12:05 | INFO     | workflows.telesurgery_workflow | Gender     : Unknown
2026-07-24 13:12:05 | INFO     | workflows.telesurgery_workflow | Symptoms   : Not Provided
2026-07-24 13:12:05 | INFO     | workflows.telesurgery_workflow | History    : None
2026-07-24 13:12:05 | INFO     | workflows.telesurgery_workflow | Loading network traffic data...
2026-07-24 13:12:05 | INFO     | workflows.telesurgery_workflow | Network data loaded successfully.
2026-07-24 13:12:05 | INFO     | workflows.telesurgery_workflow | NETWORK INFORMATION
2026-07-24 13:12:05 | INFO     | workflows.telesurgery_workflow | Latency       : 20
2026-07-24 13:12:05 | INFO     | workflows.telesurgery_workflow | Packet Loss   : 0
2026-07-24 13:12:05 | INFO     | workflows.telesurgery_workflow | Bandwidth     : None
2026-07-24 13:12:05 | INFO     | workflows.telesurgery_workflow | Attack Status : None
2026-07-24 13:12:05 | INFO     | workflows.telesurgery_workflow | ------------------------------------------------------------
2026-07-24 13:12:05 | INFO     | workflows.telesurgery_workflow | Passing Patient Data -> Doctor Agent
2026-07-24 13:12:05 | INFO     | workflows.telesurgery_workflow | ------------------------------------------------------------
2026-07-24 13:12:05 | INFO     | agents.doctor             | Generating diagnosis for patient TC01
2026-07-24 13:12:06 | INFO     | agents.doctor             | Diagnosis completed successfully.
2026-07-24 13:12:06 | INFO     | workflows.telesurgery_workflow | Doctor Agent completed successfully.
2026-07-24 13:12:06 | INFO     | workflows.telesurgery_workflow | ------------------------------------------------------------
2026-07-24 13:12:06 | INFO     | workflows.telesurgery_workflow | Passing Traffic Data -> Security Agent
2026-07-24 13:12:06 | INFO     | workflows.telesurgery_workflow | ------------------------------------------------------------
2026-07-24 13:12:06 | INFO     | workflows.telesurgery_workflow | Security Agent completed successfully.
2026-07-24 13:12:06 | INFO     | workflows.telesurgery_workflow | ------------------------------------------------------------
2026-07-24 13:12:06 | INFO     | workflows.telesurgery_workflow | Passing Security Result -> Protocol Switcher
2026-07-24 13:12:06 | INFO     | workflows.telesurgery_workflow | ------------------------------------------------------------
2026-07-24 13:12:06 | INFO     | workflows.telesurgery_workflow | Protocol selected successfully.
2026-07-24 13:12:06 | INFO     | workflows.telesurgery_workflow | ------------------------------------------------------------
2026-07-24 13:12:06 | INFO     | workflows.telesurgery_workflow | Passing Results -> Feedback Agent
2026-07-24 13:12:06 | INFO     | workflows.telesurgery_workflow | ------------------------------------------------------------
2026-07-24 13:12:07 | INFO     | workflows.telesurgery_workflow | Feedback generated successfully.
2026-07-24 13:12:07 | INFO     | workflows.telesurgery_workflow | ------------------------------------------------------------
2026-07-24 13:12:07 | INFO     | workflows.telesurgery_workflow | Passing Decision -> Robotic Agent
2026-07-24 13:12:07 | INFO     | workflows.telesurgery_workflow | ------------------------------------------------------------
2026-07-24 13:12:07 | INFO     | workflows.telesurgery_workflow | Robotic Agent execution completed.
2026-07-24 13:12:07 | INFO     | workflows.telesurgery_workflow | ======================================================================
2026-07-24 13:12:07 | INFO     | workflows.telesurgery_workflow | FINAL WORKFLOW RESULTS
2026-07-24 13:12:07 | INFO     | workflows.telesurgery_workflow | ======================================================================
2026-07-24 13:12:07 | INFO     | workflows.telesurgery_workflow | Diagnosis           : Normal appendicitis
2026-07-24 13:12:07 | INFO     | workflows.telesurgery_workflow | Recommended Surgery : Appendectomy
2026-07-24 13:12:07 | INFO     | workflows.telesurgery_workflow | Urgency             : urgent
2026-07-24 13:12:07 | INFO     | workflows.telesurgery_workflow | Risk Level          : medium
2026-07-24 13:12:07 | INFO     | workflows.telesurgery_workflow | Attack Detected     : False
2026-07-24 13:12:07 | INFO     | workflows.telesurgery_workflow | Attack Type         : none
2026-07-24 13:12:07 | INFO     | workflows.telesurgery_workflow | Severity            : low
2026-07-24 13:12:07 | INFO     | workflows.telesurgery_workflow | Selected Protocol   : UDP
2026-07-24 13:12:07 | INFO     | workflows.telesurgery_workflow | Protocol Reason     : Normal network
2026-07-24 13:12:07 | INFO     | workflows.telesurgery_workflow | Expected Latency    : Low
2026-07-24 13:12:07 | INFO     | workflows.telesurgery_workflow | Security Level      : Normal
2026-07-24 13:12:07 | INFO     | workflows.telesurgery_workflow | Action              : proceed
2026-07-24 13:12:07 | INFO     | workflows.telesurgery_workflow | Proceed             : True
2026-07-24 13:12:07 | INFO     | workflows.telesurgery_workflow | Reason              : normal network and no attack detected
2026-07-24 13:12:07 | INFO     | workflows.telesurgery_workflow | Confidence          : high
2026-07-24 13:12:07 | INFO     | workflows.telesurgery_workflow | Robot Status        : SUCCESS
2026-07-24 13:12:07 | INFO     | workflows.telesurgery_workflow | Robot Action        : Executing Surgery
2026-07-24 13:12:07 | INFO     | workflows.telesurgery_workflow | ======================================================================
2026-07-24 13:12:07 | INFO     | workflows.telesurgery_workflow | WORKFLOW COMPLETED SUCCESSFULLY
2026-07-24 13:12:07 | INFO     | workflows.telesurgery_workflow | Total Execution Time : 1.96 sec
2026-07-24 13:12:07 | INFO     | workflows.telesurgery_workflow | ======================================================================
2026-07-24 13:18:13 | INFO     | workflows.telesurgery_workflow | Initializing Telesurgery Workflow...
2026-07-24 13:18:14 | INFO     | agents.doctor             | Doctor Agent initialized.
2026-07-24 13:18:16 | INFO     | workflows.telesurgery_workflow | All agents initialized successfully.
2026-07-24 13:18:27 | INFO     | workflows.telesurgery_workflow | ======================================================================
2026-07-24 13:18:27 | INFO     | workflows.telesurgery_workflow | WORKFLOW STARTED
2026-07-24 13:18:27 | INFO     | workflows.telesurgery_workflow | ======================================================================
2026-07-24 13:18:27 | INFO     | workflows.telesurgery_workflow | Loading patient data...
2026-07-24 13:18:27 | INFO     | workflows.telesurgery_workflow | Patient data loaded successfully.
2026-07-24 13:18:27 | INFO     | workflows.telesurgery_workflow | PATIENT INFORMATION
2026-07-24 13:18:27 | INFO     | workflows.telesurgery_workflow | Patient ID : TC01
2026-07-24 13:18:27 | INFO     | workflows.telesurgery_workflow | Age        : Unknown
2026-07-24 13:18:27 | INFO     | workflows.telesurgery_workflow | Gender     : Unknown
2026-07-24 13:18:27 | INFO     | workflows.telesurgery_workflow | Symptoms   : Not Provided
2026-07-24 13:18:27 | INFO     | workflows.telesurgery_workflow | History    : None
2026-07-24 13:18:27 | INFO     | workflows.telesurgery_workflow | Loading network traffic data...
2026-07-24 13:18:27 | INFO     | workflows.telesurgery_workflow | Network data loaded successfully.
2026-07-24 13:18:27 | INFO     | workflows.telesurgery_workflow | NETWORK INFORMATION
2026-07-24 13:18:27 | INFO     | workflows.telesurgery_workflow | Latency       : 20
2026-07-24 13:18:27 | INFO     | workflows.telesurgery_workflow | Packet Loss   : 0
2026-07-24 13:18:27 | INFO     | workflows.telesurgery_workflow | Bandwidth     : None
2026-07-24 13:18:27 | INFO     | workflows.telesurgery_workflow | Attack Status : None
2026-07-24 13:18:27 | INFO     | workflows.telesurgery_workflow | ------------------------------------------------------------
2026-07-24 13:18:27 | INFO     | workflows.telesurgery_workflow | Passing Patient Data -> Doctor Agent
2026-07-24 13:18:27 | INFO     | workflows.telesurgery_workflow | ------------------------------------------------------------
2026-07-24 13:18:27 | INFO     | agents.doctor             | Generating diagnosis for patient TC01
2026-07-24 13:18:28 | INFO     | agents.doctor             | Diagnosis completed successfully.
2026-07-24 13:18:28 | INFO     | workflows.telesurgery_workflow | Doctor Agent completed successfully.
2026-07-24 13:18:28 | INFO     | workflows.telesurgery_workflow | ------------------------------------------------------------
2026-07-24 13:18:28 | INFO     | workflows.telesurgery_workflow | Passing Traffic Data -> Security Agent
2026-07-24 13:18:28 | INFO     | workflows.telesurgery_workflow | ------------------------------------------------------------
2026-07-24 13:18:29 | INFO     | workflows.telesurgery_workflow | Security Agent completed successfully.
2026-07-24 13:18:29 | INFO     | workflows.telesurgery_workflow | ------------------------------------------------------------
2026-07-24 13:18:29 | INFO     | workflows.telesurgery_workflow | Passing Security Result -> Protocol Switcher
2026-07-24 13:18:29 | INFO     | workflows.telesurgery_workflow | ------------------------------------------------------------
2026-07-24 13:18:29 | INFO     | workflows.telesurgery_workflow | Protocol selected successfully.
2026-07-24 13:18:29 | INFO     | workflows.telesurgery_workflow | ------------------------------------------------------------
2026-07-24 13:18:29 | INFO     | workflows.telesurgery_workflow | Passing Results -> Feedback Agent
2026-07-24 13:18:29 | INFO     | workflows.telesurgery_workflow | ------------------------------------------------------------
2026-07-24 13:18:29 | INFO     | workflows.telesurgery_workflow | Feedback generated successfully.
2026-07-24 13:18:29 | INFO     | workflows.telesurgery_workflow | ------------------------------------------------------------
2026-07-24 13:18:29 | INFO     | workflows.telesurgery_workflow | Passing Decision -> Robotic Agent
2026-07-24 13:18:29 | INFO     | workflows.telesurgery_workflow | ------------------------------------------------------------
2026-07-24 13:18:29 | INFO     | workflows.telesurgery_workflow | Robotic Agent execution completed.
2026-07-24 13:18:29 | INFO     | workflows.telesurgery_workflow | ======================================================================
2026-07-24 13:18:29 | INFO     | workflows.telesurgery_workflow | FINAL WORKFLOW RESULTS
2026-07-24 13:18:29 | INFO     | workflows.telesurgery_workflow | ======================================================================
2026-07-24 13:18:29 | INFO     | workflows.telesurgery_workflow | Diagnosis           : Normal appendicitis
2026-07-24 13:18:29 | INFO     | workflows.telesurgery_workflow | Recommended Surgery : Appendectomy
2026-07-24 13:18:29 | INFO     | workflows.telesurgery_workflow | Urgency             : urgent
2026-07-24 13:18:29 | INFO     | workflows.telesurgery_workflow | Risk Level          : medium
2026-07-24 13:18:29 | INFO     | workflows.telesurgery_workflow | Attack Detected     : False
2026-07-24 13:18:29 | INFO     | workflows.telesurgery_workflow | Attack Type         : none
2026-07-24 13:18:29 | INFO     | workflows.telesurgery_workflow | Severity            : low
2026-07-24 13:18:29 | INFO     | workflows.telesurgery_workflow | Selected Protocol   : UDP
2026-07-24 13:18:29 | INFO     | workflows.telesurgery_workflow | Protocol Reason     : Normal network
2026-07-24 13:18:29 | INFO     | workflows.telesurgery_workflow | Expected Latency    : Low
2026-07-24 13:18:29 | INFO     | workflows.telesurgery_workflow | Security Level      : Normal
2026-07-24 13:18:29 | INFO     | workflows.telesurgery_workflow | Action              : proceed
2026-07-24 13:18:29 | INFO     | workflows.telesurgery_workflow | Proceed             : True
2026-07-24 13:18:29 | INFO     | workflows.telesurgery_workflow | Reason              : normal network and no attack detected
2026-07-24 13:18:29 | INFO     | workflows.telesurgery_workflow | Confidence          : high
2026-07-24 13:18:29 | INFO     | workflows.telesurgery_workflow | Robot Status        : SUCCESS
2026-07-24 13:18:29 | INFO     | workflows.telesurgery_workflow | Robot Action        : Executing Surgery
2026-07-24 13:18:29 | INFO     | workflows.telesurgery_workflow | ======================================================================
2026-07-24 13:18:29 | INFO     | workflows.telesurgery_workflow | WORKFLOW COMPLETED SUCCESSFULLY
2026-07-24 13:18:29 | INFO     | workflows.telesurgery_workflow | Total Execution Time : 2.12 sec
2026-07-24 13:18:29 | INFO     | workflows.telesurgery_workflow | ======================================================================
2026-07-24 13:24:49 | INFO     | workflows.telesurgery_workflow | Initializing Telesurgery Workflow...
2026-07-24 13:24:50 | INFO     | agents.doctor             | Doctor Agent initialized.
2026-07-24 13:24:52 | INFO     | workflows.telesurgery_workflow | All agents initialized successfully.
2026-07-24 13:25:02 | INFO     | workflows.telesurgery_workflow | ======================================================================
2026-07-24 13:25:02 | INFO     | workflows.telesurgery_workflow | WORKFLOW STARTED
2026-07-24 13:25:02 | INFO     | workflows.telesurgery_workflow | ======================================================================
2026-07-24 13:25:02 | INFO     | workflows.telesurgery_workflow | Loading patient data...
2026-07-24 13:25:02 | INFO     | workflows.telesurgery_workflow | Patient data loaded successfully.
2026-07-24 13:25:02 | INFO     | workflows.telesurgery_workflow | PATIENT INFORMATION
2026-07-24 13:25:02 | INFO     | workflows.telesurgery_workflow | Patient ID : TC01
2026-07-24 13:25:02 | INFO     | workflows.telesurgery_workflow | Age        : Unknown
2026-07-24 13:25:02 | INFO     | workflows.telesurgery_workflow | Gender     : Unknown
2026-07-24 13:25:02 | INFO     | workflows.telesurgery_workflow | Symptoms   : Not Provided
2026-07-24 13:25:02 | INFO     | workflows.telesurgery_workflow | History    : None
2026-07-24 13:25:02 | INFO     | workflows.telesurgery_workflow | Loading network traffic data...
2026-07-24 13:25:02 | INFO     | workflows.telesurgery_workflow | Network data loaded successfully.
2026-07-24 13:25:02 | INFO     | workflows.telesurgery_workflow | NETWORK INFORMATION
2026-07-24 13:25:02 | INFO     | workflows.telesurgery_workflow | Latency       : 20
2026-07-24 13:25:02 | INFO     | workflows.telesurgery_workflow | Packet Loss   : 0
2026-07-24 13:25:02 | INFO     | workflows.telesurgery_workflow | Bandwidth     : None
2026-07-24 13:25:02 | INFO     | workflows.telesurgery_workflow | Attack Status : None
2026-07-24 13:25:02 | INFO     | workflows.telesurgery_workflow | ------------------------------------------------------------
2026-07-24 13:25:02 | INFO     | workflows.telesurgery_workflow | Passing Patient Data -> Doctor Agent
2026-07-24 13:25:02 | INFO     | workflows.telesurgery_workflow | ------------------------------------------------------------
2026-07-24 13:25:02 | INFO     | agents.doctor             | Generating diagnosis for patient TC01
2026-07-24 13:25:03 | INFO     | agents.doctor             | Diagnosis completed successfully.
2026-07-24 13:25:03 | INFO     | workflows.telesurgery_workflow | Doctor Agent completed successfully.
2026-07-24 13:25:03 | INFO     | workflows.telesurgery_workflow | ------------------------------------------------------------
2026-07-24 13:25:03 | INFO     | workflows.telesurgery_workflow | Passing Traffic Data -> Security Agent
2026-07-24 13:25:03 | INFO     | workflows.telesurgery_workflow | ------------------------------------------------------------
2026-07-24 13:25:04 | INFO     | workflows.telesurgery_workflow | Security Agent completed successfully.
2026-07-24 13:25:04 | INFO     | workflows.telesurgery_workflow | ------------------------------------------------------------
2026-07-24 13:25:04 | INFO     | workflows.telesurgery_workflow | Passing Security Result -> Protocol Switcher
2026-07-24 13:25:04 | INFO     | workflows.telesurgery_workflow | ------------------------------------------------------------
2026-07-24 13:25:04 | INFO     | workflows.telesurgery_workflow | Protocol selected successfully.
2026-07-24 13:25:04 | INFO     | workflows.telesurgery_workflow | ------------------------------------------------------------
2026-07-24 13:25:04 | INFO     | workflows.telesurgery_workflow | Passing Results -> Feedback Agent
2026-07-24 13:25:04 | INFO     | workflows.telesurgery_workflow | ------------------------------------------------------------
2026-07-24 13:25:04 | INFO     | workflows.telesurgery_workflow | Feedback generated successfully.
2026-07-24 13:25:04 | INFO     | workflows.telesurgery_workflow | ------------------------------------------------------------
2026-07-24 13:25:04 | INFO     | workflows.telesurgery_workflow | Passing Decision -> Robotic Agent
2026-07-24 13:25:04 | INFO     | workflows.telesurgery_workflow | ------------------------------------------------------------
2026-07-24 13:25:04 | INFO     | workflows.telesurgery_workflow | Robotic Agent execution completed.
2026-07-24 13:25:04 | INFO     | workflows.telesurgery_workflow | ======================================================================
2026-07-24 13:25:04 | INFO     | workflows.telesurgery_workflow | FINAL WORKFLOW RESULTS
2026-07-24 13:25:04 | INFO     | workflows.telesurgery_workflow | ======================================================================
2026-07-24 13:25:04 | INFO     | workflows.telesurgery_workflow | Diagnosis           : Normal appendicitis
2026-07-24 13:25:04 | INFO     | workflows.telesurgery_workflow | Recommended Surgery : Appendectomy
2026-07-24 13:25:04 | INFO     | workflows.telesurgery_workflow | Urgency             : urgent
2026-07-24 13:25:04 | INFO     | workflows.telesurgery_workflow | Risk Level          : medium
2026-07-24 13:25:04 | INFO     | workflows.telesurgery_workflow | Attack Detected     : False
2026-07-24 13:25:04 | INFO     | workflows.telesurgery_workflow | Attack Type         : none
2026-07-24 13:25:04 | INFO     | workflows.telesurgery_workflow | Severity            : low
2026-07-24 13:25:04 | INFO     | workflows.telesurgery_workflow | Selected Protocol   : UDP
2026-07-24 13:25:04 | INFO     | workflows.telesurgery_workflow | Protocol Reason     : Normal network
2026-07-24 13:25:04 | INFO     | workflows.telesurgery_workflow | Expected Latency    : Low
2026-07-24 13:25:04 | INFO     | workflows.telesurgery_workflow | Security Level      : Normal
2026-07-24 13:25:04 | INFO     | workflows.telesurgery_workflow | Action              : proceed
2026-07-24 13:25:04 | INFO     | workflows.telesurgery_workflow | Proceed             : True
2026-07-24 13:25:04 | INFO     | workflows.telesurgery_workflow | Reason              : normal network and no attack detected
2026-07-24 13:25:04 | INFO     | workflows.telesurgery_workflow | Confidence          : high
2026-07-24 13:25:04 | INFO     | workflows.telesurgery_workflow | Robot Status        : SUCCESS
2026-07-24 13:25:04 | INFO     | workflows.telesurgery_workflow | Robot Action        : Executing Surgery
2026-07-24 13:25:04 | INFO     | workflows.telesurgery_workflow | ======================================================================
2026-07-24 13:25:04 | INFO     | workflows.telesurgery_workflow | WORKFLOW COMPLETED SUCCESSFULLY
2026-07-24 13:25:04 | INFO     | workflows.telesurgery_workflow | Total Execution Time : 1.76 sec
2026-07-24 13:25:04 | INFO     | workflows.telesurgery_workflow | ======================================================================
2026-07-24 13:30:18 | INFO     | workflows.telesurgery_workflow | Initializing Telesurgery Workflow...
2026-07-24 13:30:19 | INFO     | agents.doctor             | Doctor Agent initialized.
2026-07-24 13:30:21 | INFO     | workflows.telesurgery_workflow | All agents initialized successfully.
2026-07-24 13:30:34 | INFO     | workflows.telesurgery_workflow | ======================================================================
2026-07-24 13:30:34 | INFO     | workflows.telesurgery_workflow | WORKFLOW STARTED
2026-07-24 13:30:34 | INFO     | workflows.telesurgery_workflow | ======================================================================
2026-07-24 13:30:34 | INFO     | workflows.telesurgery_workflow | Loading patient data...
2026-07-24 13:30:34 | INFO     | workflows.telesurgery_workflow | Patient data loaded successfully.
2026-07-24 13:30:34 | INFO     | workflows.telesurgery_workflow | PATIENT INFORMATION
2026-07-24 13:30:34 | INFO     | workflows.telesurgery_workflow | Patient ID : TC01
2026-07-24 13:30:34 | INFO     | workflows.telesurgery_workflow | Age        : Unknown
2026-07-24 13:30:34 | INFO     | workflows.telesurgery_workflow | Gender     : Unknown
2026-07-24 13:30:34 | INFO     | workflows.telesurgery_workflow | Symptoms   : Not Provided
2026-07-24 13:30:34 | INFO     | workflows.telesurgery_workflow | History    : None
2026-07-24 13:30:34 | INFO     | workflows.telesurgery_workflow | Loading network traffic data...
2026-07-24 13:30:34 | INFO     | workflows.telesurgery_workflow | Network data loaded successfully.
2026-07-24 13:30:34 | INFO     | workflows.telesurgery_workflow | NETWORK INFORMATION
2026-07-24 13:30:34 | INFO     | workflows.telesurgery_workflow | Latency       : 20
2026-07-24 13:30:34 | INFO     | workflows.telesurgery_workflow | Packet Loss   : 0
2026-07-24 13:30:34 | INFO     | workflows.telesurgery_workflow | Bandwidth     : None
2026-07-24 13:30:34 | INFO     | workflows.telesurgery_workflow | Attack Status : None
2026-07-24 13:30:34 | INFO     | workflows.telesurgery_workflow | ------------------------------------------------------------
2026-07-24 13:30:34 | INFO     | workflows.telesurgery_workflow | Passing Patient Data -> Doctor Agent
2026-07-24 13:30:34 | INFO     | workflows.telesurgery_workflow | ------------------------------------------------------------
2026-07-24 13:30:34 | INFO     | agents.doctor             | Generating diagnosis for patient TC01
2026-07-24 13:30:35 | INFO     | agents.doctor             | Diagnosis completed successfully.
2026-07-24 13:30:35 | INFO     | workflows.telesurgery_workflow | Doctor Agent completed successfully.
2026-07-24 13:30:35 | INFO     | workflows.telesurgery_workflow | ------------------------------------------------------------
2026-07-24 13:30:35 | INFO     | workflows.telesurgery_workflow | Passing Traffic Data -> Security Agent
2026-07-24 13:30:35 | INFO     | workflows.telesurgery_workflow | ------------------------------------------------------------
2026-07-24 13:30:37 | INFO     | workflows.telesurgery_workflow | Security Agent completed successfully.
2026-07-24 13:30:37 | INFO     | workflows.telesurgery_workflow | ------------------------------------------------------------
2026-07-24 13:30:37 | INFO     | workflows.telesurgery_workflow | Passing Security Result -> Protocol Switcher
2026-07-24 13:30:37 | INFO     | workflows.telesurgery_workflow | ------------------------------------------------------------
2026-07-24 13:30:37 | INFO     | workflows.telesurgery_workflow | Protocol selected successfully.
2026-07-24 13:30:37 | INFO     | workflows.telesurgery_workflow | ------------------------------------------------------------
2026-07-24 13:30:37 | INFO     | workflows.telesurgery_workflow | Passing Results -> Feedback Agent
2026-07-24 13:30:37 | INFO     | workflows.telesurgery_workflow | ------------------------------------------------------------
2026-07-24 13:30:38 | INFO     | workflows.telesurgery_workflow | Feedback generated successfully.
2026-07-24 13:30:38 | INFO     | workflows.telesurgery_workflow | ------------------------------------------------------------
2026-07-24 13:30:38 | INFO     | workflows.telesurgery_workflow | Passing Decision -> Robotic Agent
2026-07-24 13:30:38 | INFO     | workflows.telesurgery_workflow | ------------------------------------------------------------
2026-07-24 13:30:38 | INFO     | workflows.telesurgery_workflow | Robotic Agent execution completed.
2026-07-24 13:30:38 | INFO     | workflows.telesurgery_workflow | ======================================================================
2026-07-24 13:30:38 | INFO     | workflows.telesurgery_workflow | FINAL WORKFLOW RESULTS
2026-07-24 13:30:38 | INFO     | workflows.telesurgery_workflow | ======================================================================
2026-07-24 13:30:38 | INFO     | workflows.telesurgery_workflow | Diagnosis           : Normal appendicitis
2026-07-24 13:30:38 | INFO     | workflows.telesurgery_workflow | Recommended Surgery : Appendectomy
2026-07-24 13:30:38 | INFO     | workflows.telesurgery_workflow | Urgency             : urgent
2026-07-24 13:30:38 | INFO     | workflows.telesurgery_workflow | Risk Level          : medium
2026-07-24 13:30:38 | INFO     | workflows.telesurgery_workflow | Attack Detected     : False
2026-07-24 13:30:38 | INFO     | workflows.telesurgery_workflow | Attack Type         : none
2026-07-24 13:30:38 | INFO     | workflows.telesurgery_workflow | Severity            : low
2026-07-24 13:30:38 | INFO     | workflows.telesurgery_workflow | Selected Protocol   : UDP
2026-07-24 13:30:38 | INFO     | workflows.telesurgery_workflow | Protocol Reason     : Normal network
2026-07-24 13:30:38 | INFO     | workflows.telesurgery_workflow | Expected Latency    : Low
2026-07-24 13:30:38 | INFO     | workflows.telesurgery_workflow | Security Level      : Normal
2026-07-24 13:30:38 | INFO     | workflows.telesurgery_workflow | Action              : proceed
2026-07-24 13:30:38 | INFO     | workflows.telesurgery_workflow | Proceed             : True
2026-07-24 13:30:38 | INFO     | workflows.telesurgery_workflow | Reason              : normal appendicitis diagnosis with high confidence and no security threats detected
2026-07-24 13:30:38 | INFO     | workflows.telesurgery_workflow | Confidence          : high
2026-07-24 13:30:38 | INFO     | workflows.telesurgery_workflow | Robot Status        : SUCCESS
2026-07-24 13:30:38 | INFO     | workflows.telesurgery_workflow | Robot Action        : Executing Surgery
2026-07-24 13:30:38 | INFO     | workflows.telesurgery_workflow | ======================================================================
2026-07-24 13:30:38 | INFO     | workflows.telesurgery_workflow | WORKFLOW COMPLETED SUCCESSFULLY
2026-07-24 13:30:38 | INFO     | workflows.telesurgery_workflow | Total Execution Time : 4.01 sec
2026-07-24 13:30:38 | INFO     | workflows.telesurgery_workflow | ======================================================================
2026-07-24 13:30:46 | INFO     | workflows.telesurgery_workflow | ======================================================================
2026-07-24 13:30:46 | INFO     | workflows.telesurgery_workflow | WORKFLOW STARTED
2026-07-24 13:30:46 | INFO     | workflows.telesurgery_workflow | ======================================================================
2026-07-24 13:30:46 | INFO     | workflows.telesurgery_workflow | Loading patient data...
2026-07-24 13:30:46 | INFO     | workflows.telesurgery_workflow | Patient data loaded successfully.
2026-07-24 13:30:46 | INFO     | workflows.telesurgery_workflow | PATIENT INFORMATION
2026-07-24 13:30:46 | INFO     | workflows.telesurgery_workflow | Patient ID : TC02
2026-07-24 13:30:46 | INFO     | workflows.telesurgery_workflow | Age        : Unknown
2026-07-24 13:30:46 | INFO     | workflows.telesurgery_workflow | Gender     : Unknown
2026-07-24 13:30:46 | INFO     | workflows.telesurgery_workflow | Symptoms   : Not Provided
2026-07-24 13:30:46 | INFO     | workflows.telesurgery_workflow | History    : None
2026-07-24 13:30:46 | INFO     | workflows.telesurgery_workflow | Loading network traffic data...
2026-07-24 13:30:46 | INFO     | workflows.telesurgery_workflow | Network data loaded successfully.
2026-07-24 13:30:46 | INFO     | workflows.telesurgery_workflow | NETWORK INFORMATION
2026-07-24 13:30:46 | INFO     | workflows.telesurgery_workflow | Latency       : 20
2026-07-24 13:30:46 | INFO     | workflows.telesurgery_workflow | Packet Loss   : 0
2026-07-24 13:30:46 | INFO     | workflows.telesurgery_workflow | Bandwidth     : None
2026-07-24 13:30:46 | INFO     | workflows.telesurgery_workflow | Attack Status : None
2026-07-24 13:30:46 | INFO     | workflows.telesurgery_workflow | ------------------------------------------------------------
2026-07-24 13:30:46 | INFO     | workflows.telesurgery_workflow | Passing Patient Data -> Doctor Agent
2026-07-24 13:30:46 | INFO     | workflows.telesurgery_workflow | ------------------------------------------------------------
2026-07-24 13:30:46 | INFO     | agents.doctor             | Generating diagnosis for patient TC02
2026-07-24 13:30:47 | INFO     | agents.doctor             | Diagnosis completed successfully.
2026-07-24 13:30:47 | INFO     | workflows.telesurgery_workflow | Doctor Agent completed successfully.
2026-07-24 13:30:47 | INFO     | workflows.telesurgery_workflow | ------------------------------------------------------------
2026-07-24 13:30:47 | INFO     | workflows.telesurgery_workflow | Passing Traffic Data -> Security Agent
2026-07-24 13:30:47 | INFO     | workflows.telesurgery_workflow | ------------------------------------------------------------
2026-07-24 13:30:48 | INFO     | workflows.telesurgery_workflow | Security Agent completed successfully.
2026-07-24 13:30:48 | INFO     | workflows.telesurgery_workflow | ------------------------------------------------------------
2026-07-24 13:30:48 | INFO     | workflows.telesurgery_workflow | Passing Security Result -> Protocol Switcher
2026-07-24 13:30:48 | INFO     | workflows.telesurgery_workflow | ------------------------------------------------------------
2026-07-24 13:30:48 | INFO     | workflows.telesurgery_workflow | Protocol selected successfully.
2026-07-24 13:30:48 | INFO     | workflows.telesurgery_workflow | ------------------------------------------------------------
2026-07-24 13:30:48 | INFO     | workflows.telesurgery_workflow | Passing Results -> Feedback Agent
2026-07-24 13:30:48 | INFO     | workflows.telesurgery_workflow | ------------------------------------------------------------
2026-07-24 13:30:48 | INFO     | workflows.telesurgery_workflow | Feedback generated successfully.
2026-07-24 13:30:48 | INFO     | workflows.telesurgery_workflow | ------------------------------------------------------------
2026-07-24 13:30:48 | INFO     | workflows.telesurgery_workflow | Passing Decision -> Robotic Agent
2026-07-24 13:30:48 | INFO     | workflows.telesurgery_workflow | ------------------------------------------------------------
2026-07-24 13:30:48 | INFO     | workflows.telesurgery_workflow | Robotic Agent execution completed.
2026-07-24 13:30:48 | INFO     | workflows.telesurgery_workflow | ======================================================================
2026-07-24 13:30:48 | INFO     | workflows.telesurgery_workflow | FINAL WORKFLOW RESULTS
2026-07-24 13:30:48 | INFO     | workflows.telesurgery_workflow | ======================================================================
2026-07-24 13:30:48 | INFO     | workflows.telesurgery_workflow | Diagnosis           : Cholecystitis vs appendicitis
2026-07-24 13:30:48 | INFO     | workflows.telesurgery_workflow | Recommended Surgery : Laparoscopic Cholecystectomy or Laparoscopic Appendectomy
2026-07-24 13:30:48 | INFO     | workflows.telesurgery_workflow | Urgency             : urgent
2026-07-24 13:30:48 | INFO     | workflows.telesurgery_workflow | Risk Level          : medium
2026-07-24 13:30:48 | INFO     | workflows.telesurgery_workflow | Attack Detected     : False
2026-07-24 13:30:48 | INFO     | workflows.telesurgery_workflow | Attack Type         : none
2026-07-24 13:30:48 | INFO     | workflows.telesurgery_workflow | Severity            : low
2026-07-24 13:30:48 | INFO     | workflows.telesurgery_workflow | Selected Protocol   : UDP
2026-07-24 13:30:48 | INFO     | workflows.telesurgery_workflow | Protocol Reason     : Normal network
2026-07-24 13:30:48 | INFO     | workflows.telesurgery_workflow | Expected Latency    : Low
2026-07-24 13:30:48 | INFO     | workflows.telesurgery_workflow | Security Level      : Normal
2026-07-24 13:30:48 | INFO     | workflows.telesurgery_workflow | Action              : proceed
2026-07-24 13:30:48 | INFO     | workflows.telesurgery_workflow | Proceed             : True
2026-07-24 13:30:48 | INFO     | workflows.telesurgery_workflow | Reason              : surgery can safely proceed based on agent outputs
2026-07-24 13:30:48 | INFO     | workflows.telesurgery_workflow | Confidence          : 0.8
2026-07-24 13:30:48 | INFO     | workflows.telesurgery_workflow | Robot Status        : SUCCESS
2026-07-24 13:30:48 | INFO     | workflows.telesurgery_workflow | Robot Action        : Executing Surgery
2026-07-24 13:30:48 | INFO     | workflows.telesurgery_workflow | ======================================================================
2026-07-24 13:30:48 | INFO     | workflows.telesurgery_workflow | WORKFLOW COMPLETED SUCCESSFULLY
2026-07-24 13:30:48 | INFO     | workflows.telesurgery_workflow | Total Execution Time : 2.27 sec
2026-07-24 13:30:48 | INFO     | workflows.telesurgery_workflow | ======================================================================
2026-07-24 13:30:53 | INFO     | workflows.telesurgery_workflow | ======================================================================
2026-07-24 13:30:53 | INFO     | workflows.telesurgery_workflow | WORKFLOW STARTED
2026-07-24 13:30:53 | INFO     | workflows.telesurgery_workflow | ======================================================================
2026-07-24 13:30:53 | INFO     | workflows.telesurgery_workflow | Loading patient data...
2026-07-24 13:30:53 | INFO     | workflows.telesurgery_workflow | Patient data loaded successfully.
2026-07-24 13:30:53 | INFO     | workflows.telesurgery_workflow | PATIENT INFORMATION
2026-07-24 13:30:53 | INFO     | workflows.telesurgery_workflow | Patient ID : TC03
2026-07-24 13:30:53 | INFO     | workflows.telesurgery_workflow | Age        : Unknown
2026-07-24 13:30:53 | INFO     | workflows.telesurgery_workflow | Gender     : Unknown
2026-07-24 13:30:53 | INFO     | workflows.telesurgery_workflow | Symptoms   : Not Provided
2026-07-24 13:30:53 | INFO     | workflows.telesurgery_workflow | History    : None
2026-07-24 13:30:53 | INFO     | workflows.telesurgery_workflow | Loading network traffic data...
2026-07-24 13:30:53 | INFO     | workflows.telesurgery_workflow | Network data loaded successfully.
2026-07-24 13:30:53 | INFO     | workflows.telesurgery_workflow | NETWORK INFORMATION
2026-07-24 13:30:53 | INFO     | workflows.telesurgery_workflow | Latency       : 20
2026-07-24 13:30:53 | INFO     | workflows.telesurgery_workflow | Packet Loss   : 0
2026-07-24 13:30:53 | INFO     | workflows.telesurgery_workflow | Bandwidth     : None
2026-07-24 13:30:53 | INFO     | workflows.telesurgery_workflow | Attack Status : None
2026-07-24 13:30:53 | INFO     | workflows.telesurgery_workflow | ------------------------------------------------------------
2026-07-24 13:30:53 | INFO     | workflows.telesurgery_workflow | Passing Patient Data -> Doctor Agent
2026-07-24 13:30:53 | INFO     | workflows.telesurgery_workflow | ------------------------------------------------------------
2026-07-24 13:30:53 | INFO     | agents.doctor             | Generating diagnosis for patient TC03
2026-07-24 13:30:53 | INFO     | agents.doctor             | Diagnosis completed successfully.
2026-07-24 13:30:53 | INFO     | workflows.telesurgery_workflow | Doctor Agent completed successfully.
2026-07-24 13:30:53 | INFO     | workflows.telesurgery_workflow | ------------------------------------------------------------
2026-07-24 13:30:53 | INFO     | workflows.telesurgery_workflow | Passing Traffic Data -> Security Agent
2026-07-24 13:30:53 | INFO     | workflows.telesurgery_workflow | ------------------------------------------------------------
2026-07-24 13:30:54 | INFO     | workflows.telesurgery_workflow | Security Agent completed successfully.
2026-07-24 13:30:54 | INFO     | workflows.telesurgery_workflow | ------------------------------------------------------------
2026-07-24 13:30:54 | INFO     | workflows.telesurgery_workflow | Passing Security Result -> Protocol Switcher
2026-07-24 13:30:54 | INFO     | workflows.telesurgery_workflow | ------------------------------------------------------------
2026-07-24 13:30:54 | INFO     | workflows.telesurgery_workflow | Protocol selected successfully.
2026-07-24 13:30:54 | INFO     | workflows.telesurgery_workflow | ------------------------------------------------------------
2026-07-24 13:30:54 | INFO     | workflows.telesurgery_workflow | Passing Results -> Feedback Agent
2026-07-24 13:30:54 | INFO     | workflows.telesurgery_workflow | ------------------------------------------------------------
2026-07-24 13:31:00 | INFO     | workflows.telesurgery_workflow | Feedback generated successfully.
2026-07-24 13:31:00 | INFO     | workflows.telesurgery_workflow | ------------------------------------------------------------
2026-07-24 13:31:00 | INFO     | workflows.telesurgery_workflow | Passing Decision -> Robotic Agent
2026-07-24 13:31:00 | INFO     | workflows.telesurgery_workflow | ------------------------------------------------------------
2026-07-24 13:31:00 | INFO     | workflows.telesurgery_workflow | Robotic Agent execution completed.
2026-07-24 13:31:00 | INFO     | workflows.telesurgery_workflow | ======================================================================
2026-07-24 13:31:00 | INFO     | workflows.telesurgery_workflow | FINAL WORKFLOW RESULTS
2026-07-24 13:31:00 | INFO     | workflows.telesurgery_workflow | ======================================================================
2026-07-24 13:31:00 | INFO     | workflows.telesurgery_workflow | Diagnosis           : Low severity condition
2026-07-24 13:31:00 | INFO     | workflows.telesurgery_workflow | Recommended Surgery : Routine monitoring and treatment
2026-07-24 13:31:00 | INFO     | workflows.telesurgery_workflow | Urgency             : Routine
2026-07-24 13:31:00 | INFO     | workflows.telesurgery_workflow | Risk Level          : Low
2026-07-24 13:31:00 | INFO     | workflows.telesurgery_workflow | Attack Detected     : False
2026-07-24 13:31:00 | INFO     | workflows.telesurgery_workflow | Attack Type         : none
2026-07-24 13:31:00 | INFO     | workflows.telesurgery_workflow | Severity            : low
2026-07-24 13:31:00 | INFO     | workflows.telesurgery_workflow | Selected Protocol   : UDP
2026-07-24 13:31:00 | INFO     | workflows.telesurgery_workflow | Protocol Reason     : Normal network
2026-07-24 13:31:00 | INFO     | workflows.telesurgery_workflow | Expected Latency    : Low
2026-07-24 13:31:00 | INFO     | workflows.telesurgery_workflow | Security Level      : Normal
2026-07-24 13:31:00 | INFO     | workflows.telesurgery_workflow | Action              : proceed
2026-07-24 13:31:00 | INFO     | workflows.telesurgery_workflow | Proceed             : True
2026-07-24 13:31:00 | INFO     | workflows.telesurgery_workflow | Reason              : Low risk level and high confidence in diagnosis
2026-07-24 13:31:00 | INFO     | workflows.telesurgery_workflow | Confidence          : High
2026-07-24 13:31:00 | INFO     | workflows.telesurgery_workflow | Robot Status        : SUCCESS
2026-07-24 13:31:00 | INFO     | workflows.telesurgery_workflow | Robot Action        : Executing Surgery
2026-07-24 13:31:00 | INFO     | workflows.telesurgery_workflow | ======================================================================
2026-07-24 13:31:00 | INFO     | workflows.telesurgery_workflow | WORKFLOW COMPLETED SUCCESSFULLY
2026-07-24 13:31:00 | INFO     | workflows.telesurgery_workflow | Total Execution Time : 7.09 sec
2026-07-24 13:31:00 | INFO     | workflows.telesurgery_workflow | ======================================================================
2026-07-24 13:41:50 | INFO     | workflows.telesurgery_workflow | Initializing Telesurgery Workflow...
2026-07-24 13:41:51 | INFO     | agents.doctor             | Doctor Agent initialized.
2026-07-24 13:41:52 | INFO     | workflows.telesurgery_workflow | All agents initialized successfully.
2026-07-24 13:42:04 | INFO     | workflows.telesurgery_workflow | ======================================================================
2026-07-24 13:42:04 | INFO     | workflows.telesurgery_workflow | WORKFLOW STARTED
2026-07-24 13:42:04 | INFO     | workflows.telesurgery_workflow | ======================================================================
2026-07-24 13:42:04 | INFO     | workflows.telesurgery_workflow | Loading patient data...
2026-07-24 13:42:04 | INFO     | workflows.telesurgery_workflow | Patient data loaded successfully.
2026-07-24 13:42:04 | INFO     | workflows.telesurgery_workflow | PATIENT INFORMATION
2026-07-24 13:42:04 | INFO     | workflows.telesurgery_workflow | Patient ID : TC01
2026-07-24 13:42:04 | INFO     | workflows.telesurgery_workflow | Age        : 
2026-07-24 13:42:04 | INFO     | workflows.telesurgery_workflow | Gender     : 
2026-07-24 13:42:04 | INFO     | workflows.telesurgery_workflow | Symptoms   : 
2026-07-24 13:42:04 | INFO     | workflows.telesurgery_workflow | History    : None
2026-07-24 13:42:04 | INFO     | workflows.telesurgery_workflow | Loading network traffic data...
2026-07-24 13:42:04 | INFO     | workflows.telesurgery_workflow | Network data loaded successfully.
2026-07-24 13:42:04 | INFO     | workflows.telesurgery_workflow | NETWORK INFORMATION
2026-07-24 13:42:04 | INFO     | workflows.telesurgery_workflow | Latency       : 20
2026-07-24 13:42:04 | INFO     | workflows.telesurgery_workflow | Packet Loss   : 0
2026-07-24 13:42:04 | INFO     | workflows.telesurgery_workflow | Bandwidth     : None
2026-07-24 13:42:04 | INFO     | workflows.telesurgery_workflow | Attack Status : None
2026-07-24 13:42:04 | INFO     | workflows.telesurgery_workflow | ------------------------------------------------------------
2026-07-24 13:42:04 | INFO     | workflows.telesurgery_workflow | Passing Patient Data -> Doctor Agent
2026-07-24 13:42:04 | INFO     | workflows.telesurgery_workflow | ------------------------------------------------------------
2026-07-24 13:42:04 | INFO     | agents.doctor             | Generating diagnosis for patient TC01
2026-07-24 13:42:04 | INFO     | agents.doctor             | Diagnosis completed successfully.
2026-07-24 13:42:04 | INFO     | workflows.telesurgery_workflow | Doctor Agent completed successfully.
2026-07-24 13:42:04 | INFO     | workflows.telesurgery_workflow | ------------------------------------------------------------
2026-07-24 13:42:04 | INFO     | workflows.telesurgery_workflow | Passing Traffic Data -> Security Agent
2026-07-24 13:42:04 | INFO     | workflows.telesurgery_workflow | ------------------------------------------------------------
2026-07-24 13:42:05 | INFO     | workflows.telesurgery_workflow | Security Agent completed successfully.
2026-07-24 13:42:05 | INFO     | workflows.telesurgery_workflow | ------------------------------------------------------------
2026-07-24 13:42:05 | INFO     | workflows.telesurgery_workflow | Passing Security Result -> Protocol Switcher
2026-07-24 13:42:05 | INFO     | workflows.telesurgery_workflow | ------------------------------------------------------------
2026-07-24 13:42:05 | INFO     | workflows.telesurgery_workflow | Protocol selected successfully.
2026-07-24 13:42:05 | INFO     | workflows.telesurgery_workflow | ------------------------------------------------------------
2026-07-24 13:42:05 | INFO     | workflows.telesurgery_workflow | Passing Results -> Feedback Agent
2026-07-24 13:42:05 | INFO     | workflows.telesurgery_workflow | ------------------------------------------------------------
2026-07-24 13:42:05 | INFO     | workflows.telesurgery_workflow | Feedback generated successfully.
2026-07-24 13:42:05 | INFO     | workflows.telesurgery_workflow | ------------------------------------------------------------
2026-07-24 13:42:05 | INFO     | workflows.telesurgery_workflow | Passing Decision -> Robotic Agent
2026-07-24 13:42:05 | INFO     | workflows.telesurgery_workflow | ------------------------------------------------------------
2026-07-24 13:42:05 | INFO     | workflows.telesurgery_workflow | Robotic Agent execution completed.
2026-07-24 13:42:05 | INFO     | workflows.telesurgery_workflow | ======================================================================
2026-07-24 13:42:05 | INFO     | workflows.telesurgery_workflow | FINAL WORKFLOW RESULTS
2026-07-24 13:42:05 | INFO     | workflows.telesurgery_workflow | ======================================================================
2026-07-24 13:42:05 | INFO     | workflows.telesurgery_workflow | Diagnosis           : Normal appendicitis
2026-07-24 13:42:05 | INFO     | workflows.telesurgery_workflow | Recommended Surgery : Appendectomy
2026-07-24 13:42:05 | INFO     | workflows.telesurgery_workflow | Urgency             : urgent
2026-07-24 13:42:05 | INFO     | workflows.telesurgery_workflow | Risk Level          : medium
2026-07-24 13:42:05 | INFO     | workflows.telesurgery_workflow | Attack Detected     : False
2026-07-24 13:42:05 | INFO     | workflows.telesurgery_workflow | Attack Type         : none
2026-07-24 13:42:05 | INFO     | workflows.telesurgery_workflow | Severity            : low
2026-07-24 13:42:05 | INFO     | workflows.telesurgery_workflow | Selected Protocol   : UDP
2026-07-24 13:42:05 | INFO     | workflows.telesurgery_workflow | Protocol Reason     : Normal network
2026-07-24 13:42:05 | INFO     | workflows.telesurgery_workflow | Expected Latency    : Low
2026-07-24 13:42:05 | INFO     | workflows.telesurgery_workflow | Security Level      : Normal
2026-07-24 13:42:05 | INFO     | workflows.telesurgery_workflow | Action              : proceed
2026-07-24 13:42:05 | INFO     | workflows.telesurgery_workflow | Proceed             : True
2026-07-24 13:42:05 | INFO     | workflows.telesurgery_workflow | Reason              : normal network and no security threats detected
2026-07-24 13:42:05 | INFO     | workflows.telesurgery_workflow | Confidence          : high
2026-07-24 13:42:05 | INFO     | workflows.telesurgery_workflow | Robot Status        : SUCCESS
2026-07-24 13:42:05 | INFO     | workflows.telesurgery_workflow | Robot Action        : Executing Surgery
2026-07-24 13:42:05 | INFO     | workflows.telesurgery_workflow | ======================================================================
2026-07-24 13:42:05 | INFO     | workflows.telesurgery_workflow | WORKFLOW COMPLETED SUCCESSFULLY
2026-07-24 13:42:05 | INFO     | workflows.telesurgery_workflow | Total Execution Time : 1.54 sec
2026-07-24 13:42:05 | INFO     | workflows.telesurgery_workflow | ======================================================================
2026-07-24 13:42:09 | INFO     | workflows.telesurgery_workflow | ======================================================================
2026-07-24 13:42:09 | INFO     | workflows.telesurgery_workflow | WORKFLOW STARTED
2026-07-24 13:42:09 | INFO     | workflows.telesurgery_workflow | ======================================================================
2026-07-24 13:42:09 | INFO     | workflows.telesurgery_workflow | Loading patient data...
2026-07-24 13:42:09 | INFO     | workflows.telesurgery_workflow | Patient data loaded successfully.
2026-07-24 13:42:09 | INFO     | workflows.telesurgery_workflow | PATIENT INFORMATION
2026-07-24 13:42:09 | INFO     | workflows.telesurgery_workflow | Patient ID : TC02
2026-07-24 13:42:09 | INFO     | workflows.telesurgery_workflow | Age        : 
2026-07-24 13:42:09 | INFO     | workflows.telesurgery_workflow | Gender     : 
2026-07-24 13:42:09 | INFO     | workflows.telesurgery_workflow | Symptoms   : 
2026-07-24 13:42:09 | INFO     | workflows.telesurgery_workflow | History    : None
2026-07-24 13:42:09 | INFO     | workflows.telesurgery_workflow | Loading network traffic data...
2026-07-24 13:42:09 | INFO     | workflows.telesurgery_workflow | Network data loaded successfully.
2026-07-24 13:42:09 | INFO     | workflows.telesurgery_workflow | NETWORK INFORMATION
2026-07-24 13:42:09 | INFO     | workflows.telesurgery_workflow | Latency       : 20
2026-07-24 13:42:09 | INFO     | workflows.telesurgery_workflow | Packet Loss   : 0
2026-07-24 13:42:09 | INFO     | workflows.telesurgery_workflow | Bandwidth     : None
2026-07-24 13:42:09 | INFO     | workflows.telesurgery_workflow | Attack Status : None
2026-07-24 13:42:09 | INFO     | workflows.telesurgery_workflow | ------------------------------------------------------------
2026-07-24 13:42:09 | INFO     | workflows.telesurgery_workflow | Passing Patient Data -> Doctor Agent
2026-07-24 13:42:09 | INFO     | workflows.telesurgery_workflow | ------------------------------------------------------------
2026-07-24 13:42:09 | INFO     | agents.doctor             | Generating diagnosis for patient TC02
2026-07-24 13:42:10 | INFO     | agents.doctor             | Diagnosis completed successfully.
2026-07-24 13:42:10 | INFO     | workflows.telesurgery_workflow | Doctor Agent completed successfully.
2026-07-24 13:42:10 | INFO     | workflows.telesurgery_workflow | ------------------------------------------------------------
2026-07-24 13:42:10 | INFO     | workflows.telesurgery_workflow | Passing Traffic Data -> Security Agent
2026-07-24 13:42:10 | INFO     | workflows.telesurgery_workflow | ------------------------------------------------------------
2026-07-24 13:42:10 | INFO     | workflows.telesurgery_workflow | Security Agent completed successfully.
2026-07-24 13:42:10 | INFO     | workflows.telesurgery_workflow | ------------------------------------------------------------
2026-07-24 13:42:10 | INFO     | workflows.telesurgery_workflow | Passing Security Result -> Protocol Switcher
2026-07-24 13:42:10 | INFO     | workflows.telesurgery_workflow | ------------------------------------------------------------
2026-07-24 13:42:10 | INFO     | workflows.telesurgery_workflow | Protocol selected successfully.
2026-07-24 13:42:10 | INFO     | workflows.telesurgery_workflow | ------------------------------------------------------------
2026-07-24 13:42:10 | INFO     | workflows.telesurgery_workflow | Passing Results -> Feedback Agent
2026-07-24 13:42:10 | INFO     | workflows.telesurgery_workflow | ------------------------------------------------------------
2026-07-24 13:42:11 | INFO     | workflows.telesurgery_workflow | Feedback generated successfully.
2026-07-24 13:42:11 | INFO     | workflows.telesurgery_workflow | ------------------------------------------------------------
2026-07-24 13:42:11 | INFO     | workflows.telesurgery_workflow | Passing Decision -> Robotic Agent
2026-07-24 13:42:11 | INFO     | workflows.telesurgery_workflow | ------------------------------------------------------------
2026-07-24 13:42:11 | INFO     | workflows.telesurgery_workflow | Robotic Agent execution completed.
2026-07-24 13:42:11 | INFO     | workflows.telesurgery_workflow | ======================================================================
2026-07-24 13:42:11 | INFO     | workflows.telesurgery_workflow | FINAL WORKFLOW RESULTS
2026-07-24 13:42:11 | INFO     | workflows.telesurgery_workflow | ======================================================================
2026-07-24 13:42:11 | INFO     | workflows.telesurgery_workflow | Diagnosis           : Cholecystitis vs appendicitis
2026-07-24 13:42:11 | INFO     | workflows.telesurgery_workflow | Recommended Surgery : Laparoscopic Cholecystectomy or Laparoscopic Appendectomy
2026-07-24 13:42:11 | INFO     | workflows.telesurgery_workflow | Urgency             : urgent
2026-07-24 13:42:11 | INFO     | workflows.telesurgery_workflow | Risk Level          : medium
2026-07-24 13:42:11 | INFO     | workflows.telesurgery_workflow | Attack Detected     : False
2026-07-24 13:42:11 | INFO     | workflows.telesurgery_workflow | Attack Type         : none
2026-07-24 13:42:11 | INFO     | workflows.telesurgery_workflow | Severity            : low
2026-07-24 13:42:11 | INFO     | workflows.telesurgery_workflow | Selected Protocol   : UDP
2026-07-24 13:42:11 | INFO     | workflows.telesurgery_workflow | Protocol Reason     : Normal network
2026-07-24 13:42:11 | INFO     | workflows.telesurgery_workflow | Expected Latency    : Low
2026-07-24 13:42:11 | INFO     | workflows.telesurgery_workflow | Security Level      : Normal
2026-07-24 13:42:11 | INFO     | workflows.telesurgery_workflow | Action              : proceed
2026-07-24 13:42:11 | INFO     | workflows.telesurgery_workflow | Proceed             : True
2026-07-24 13:42:11 | INFO     | workflows.telesurgery_workflow | Reason              : surgery can safely proceed based on agent outputs
2026-07-24 13:42:11 | INFO     | workflows.telesurgery_workflow | Confidence          : 80%
2026-07-24 13:42:11 | INFO     | workflows.telesurgery_workflow | Robot Status        : SUCCESS
2026-07-24 13:42:11 | INFO     | workflows.telesurgery_workflow | Robot Action        : Executing Surgery
2026-07-24 13:42:11 | INFO     | workflows.telesurgery_workflow | ======================================================================
2026-07-24 13:42:11 | INFO     | workflows.telesurgery_workflow | WORKFLOW COMPLETED SUCCESSFULLY
2026-07-24 13:42:11 | INFO     | workflows.telesurgery_workflow | Total Execution Time : 1.86 sec
2026-07-24 13:42:11 | INFO     | workflows.telesurgery_workflow | ======================================================================
2026-07-24 13:42:14 | INFO     | workflows.telesurgery_workflow | ======================================================================
2026-07-24 13:42:14 | INFO     | workflows.telesurgery_workflow | WORKFLOW STARTED
2026-07-24 13:42:14 | INFO     | workflows.telesurgery_workflow | ======================================================================
2026-07-24 13:42:14 | INFO     | workflows.telesurgery_workflow | Loading patient data...
2026-07-24 13:42:14 | INFO     | workflows.telesurgery_workflow | Patient data loaded successfully.
2026-07-24 13:42:14 | INFO     | workflows.telesurgery_workflow | PATIENT INFORMATION
2026-07-24 13:42:14 | INFO     | workflows.telesurgery_workflow | Patient ID : TC03
2026-07-24 13:42:14 | INFO     | workflows.telesurgery_workflow | Age        : 
2026-07-24 13:42:14 | INFO     | workflows.telesurgery_workflow | Gender     : 
2026-07-24 13:42:14 | INFO     | workflows.telesurgery_workflow | Symptoms   : 
2026-07-24 13:42:14 | INFO     | workflows.telesurgery_workflow | History    : None
2026-07-24 13:42:14 | INFO     | workflows.telesurgery_workflow | Loading network traffic data...
2026-07-24 13:42:14 | INFO     | workflows.telesurgery_workflow | Network data loaded successfully.
2026-07-24 13:42:14 | INFO     | workflows.telesurgery_workflow | NETWORK INFORMATION
2026-07-24 13:42:14 | INFO     | workflows.telesurgery_workflow | Latency       : 20
2026-07-24 13:42:14 | INFO     | workflows.telesurgery_workflow | Packet Loss   : 0
2026-07-24 13:42:14 | INFO     | workflows.telesurgery_workflow | Bandwidth     : None
2026-07-24 13:42:14 | INFO     | workflows.telesurgery_workflow | Attack Status : None
2026-07-24 13:42:14 | INFO     | workflows.telesurgery_workflow | ------------------------------------------------------------
2026-07-24 13:42:14 | INFO     | workflows.telesurgery_workflow | Passing Patient Data -> Doctor Agent
2026-07-24 13:42:14 | INFO     | workflows.telesurgery_workflow | ------------------------------------------------------------
2026-07-24 13:42:14 | INFO     | agents.doctor             | Generating diagnosis for patient TC03
2026-07-24 13:42:15 | INFO     | agents.doctor             | Diagnosis completed successfully.
2026-07-24 13:42:15 | INFO     | workflows.telesurgery_workflow | Doctor Agent completed successfully.
2026-07-24 13:42:15 | INFO     | workflows.telesurgery_workflow | ------------------------------------------------------------
2026-07-24 13:42:15 | INFO     | workflows.telesurgery_workflow | Passing Traffic Data -> Security Agent
2026-07-24 13:42:15 | INFO     | workflows.telesurgery_workflow | ------------------------------------------------------------
2026-07-24 13:42:21 | INFO     | workflows.telesurgery_workflow | Security Agent completed successfully.
2026-07-24 13:42:21 | INFO     | workflows.telesurgery_workflow | ------------------------------------------------------------
2026-07-24 13:42:21 | INFO     | workflows.telesurgery_workflow | Passing Security Result -> Protocol Switcher
2026-07-24 13:42:21 | INFO     | workflows.telesurgery_workflow | ------------------------------------------------------------
2026-07-24 13:42:21 | INFO     | workflows.telesurgery_workflow | Protocol selected successfully.
2026-07-24 13:42:21 | INFO     | workflows.telesurgery_workflow | ------------------------------------------------------------
2026-07-24 13:42:21 | INFO     | workflows.telesurgery_workflow | Passing Results -> Feedback Agent
2026-07-24 13:42:21 | INFO     | workflows.telesurgery_workflow | ------------------------------------------------------------
2026-07-24 13:42:29 | INFO     | workflows.telesurgery_workflow | Feedback generated successfully.
2026-07-24 13:42:29 | INFO     | workflows.telesurgery_workflow | ------------------------------------------------------------
2026-07-24 13:42:29 | INFO     | workflows.telesurgery_workflow | Passing Decision -> Robotic Agent
2026-07-24 13:42:29 | INFO     | workflows.telesurgery_workflow | ------------------------------------------------------------
2026-07-24 13:42:29 | INFO     | workflows.telesurgery_workflow | Robotic Agent execution completed.
2026-07-24 13:42:29 | INFO     | workflows.telesurgery_workflow | ======================================================================
2026-07-24 13:42:29 | INFO     | workflows.telesurgery_workflow | FINAL WORKFLOW RESULTS
2026-07-24 13:42:29 | INFO     | workflows.telesurgery_workflow | ======================================================================
2026-07-24 13:42:29 | INFO     | workflows.telesurgery_workflow | Diagnosis           : Low severity
2026-07-24 13:42:29 | INFO     | workflows.telesurgery_workflow | Recommended Surgery : Routine procedure
2026-07-24 13:42:29 | INFO     | workflows.telesurgery_workflow | Urgency             : Routine
2026-07-24 13:42:29 | INFO     | workflows.telesurgery_workflow | Risk Level          : Low
2026-07-24 13:42:29 | INFO     | workflows.telesurgery_workflow | Attack Detected     : False
2026-07-24 13:42:29 | INFO     | workflows.telesurgery_workflow | Attack Type         : none
2026-07-24 13:42:29 | INFO     | workflows.telesurgery_workflow | Severity            : low
2026-07-24 13:42:29 | INFO     | workflows.telesurgery_workflow | Selected Protocol   : UDP
2026-07-24 13:42:29 | INFO     | workflows.telesurgery_workflow | Protocol Reason     : Normal network
2026-07-24 13:42:29 | INFO     | workflows.telesurgery_workflow | Expected Latency    : Low
2026-07-24 13:42:29 | INFO     | workflows.telesurgery_workflow | Security Level      : Normal
2026-07-24 13:42:29 | INFO     | workflows.telesurgery_workflow | Action              : proceed
2026-07-24 13:42:29 | INFO     | workflows.telesurgery_workflow | Proceed             : True
2026-07-24 13:42:29 | INFO     | workflows.telesurgery_workflow | Reason              : All assessments indicate low risk and no security threats.
2026-07-24 13:42:29 | INFO     | workflows.telesurgery_workflow | Confidence          : High
2026-07-24 13:42:29 | INFO     | workflows.telesurgery_workflow | Robot Status        : SUCCESS
2026-07-24 13:42:29 | INFO     | workflows.telesurgery_workflow | Robot Action        : Executing Surgery
2026-07-24 13:42:29 | INFO     | workflows.telesurgery_workflow | ======================================================================
2026-07-24 13:42:29 | INFO     | workflows.telesurgery_workflow | WORKFLOW COMPLETED SUCCESSFULLY
2026-07-24 13:42:29 | INFO     | workflows.telesurgery_workflow | Total Execution Time : 14.90 sec
2026-07-24 13:42:29 | INFO     | workflows.telesurgery_workflow | ======================================================================
2026-07-24 13:42:32 | INFO     | workflows.telesurgery_workflow | ======================================================================
2026-07-24 13:42:32 | INFO     | workflows.telesurgery_workflow | WORKFLOW STARTED
2026-07-24 13:42:32 | INFO     | workflows.telesurgery_workflow | ======================================================================
2026-07-24 13:42:32 | INFO     | workflows.telesurgery_workflow | Loading patient data...
2026-07-24 13:42:32 | INFO     | workflows.telesurgery_workflow | Patient data loaded successfully.
2026-07-24 13:42:32 | INFO     | workflows.telesurgery_workflow | PATIENT INFORMATION
2026-07-24 13:42:32 | INFO     | workflows.telesurgery_workflow | Patient ID : TC04
2026-07-24 13:42:32 | INFO     | workflows.telesurgery_workflow | Age        : 
2026-07-24 13:42:32 | INFO     | workflows.telesurgery_workflow | Gender     : 
2026-07-24 13:42:32 | INFO     | workflows.telesurgery_workflow | Symptoms   : 
2026-07-24 13:42:32 | INFO     | workflows.telesurgery_workflow | History    : None
2026-07-24 13:42:32 | INFO     | workflows.telesurgery_workflow | Loading network traffic data...
2026-07-24 13:42:32 | INFO     | workflows.telesurgery_workflow | Network data loaded successfully.
2026-07-24 13:42:32 | INFO     | workflows.telesurgery_workflow | NETWORK INFORMATION
2026-07-24 13:42:32 | INFO     | workflows.telesurgery_workflow | Latency       : 20
2026-07-24 13:42:32 | INFO     | workflows.telesurgery_workflow | Packet Loss   : 0
2026-07-24 13:42:32 | INFO     | workflows.telesurgery_workflow | Bandwidth     : None
2026-07-24 13:42:32 | INFO     | workflows.telesurgery_workflow | Attack Status : None
2026-07-24 13:42:32 | INFO     | workflows.telesurgery_workflow | ------------------------------------------------------------
2026-07-24 13:42:32 | INFO     | workflows.telesurgery_workflow | Passing Patient Data -> Doctor Agent
2026-07-24 13:42:32 | INFO     | workflows.telesurgery_workflow | ------------------------------------------------------------
2026-07-24 13:42:32 | INFO     | agents.doctor             | Generating diagnosis for patient TC04
2026-07-24 13:42:39 | INFO     | agents.doctor             | Diagnosis completed successfully.
2026-07-24 13:42:39 | INFO     | workflows.telesurgery_workflow | Doctor Agent completed successfully.
2026-07-24 13:42:39 | INFO     | workflows.telesurgery_workflow | ------------------------------------------------------------
2026-07-24 13:42:39 | INFO     | workflows.telesurgery_workflow | Passing Traffic Data -> Security Agent
2026-07-24 13:42:39 | INFO     | workflows.telesurgery_workflow | ------------------------------------------------------------
2026-07-24 13:42:48 | INFO     | workflows.telesurgery_workflow | Security Agent completed successfully.
2026-07-24 13:42:48 | INFO     | workflows.telesurgery_workflow | ------------------------------------------------------------
2026-07-24 13:42:48 | INFO     | workflows.telesurgery_workflow | Passing Security Result -> Protocol Switcher
2026-07-24 13:42:48 | INFO     | workflows.telesurgery_workflow | ------------------------------------------------------------
2026-07-24 13:42:48 | INFO     | workflows.telesurgery_workflow | Protocol selected successfully.
2026-07-24 13:42:48 | INFO     | workflows.telesurgery_workflow | ------------------------------------------------------------
2026-07-24 13:42:48 | INFO     | workflows.telesurgery_workflow | Passing Results -> Feedback Agent
2026-07-24 13:42:48 | INFO     | workflows.telesurgery_workflow | ------------------------------------------------------------
2026-07-24 13:42:58 | INFO     | workflows.telesurgery_workflow | Feedback generated successfully.
2026-07-24 13:42:58 | INFO     | workflows.telesurgery_workflow | ------------------------------------------------------------
2026-07-24 13:42:58 | INFO     | workflows.telesurgery_workflow | Passing Decision -> Robotic Agent
2026-07-24 13:42:58 | INFO     | workflows.telesurgery_workflow | ------------------------------------------------------------
2026-07-24 13:42:58 | INFO     | workflows.telesurgery_workflow | Robotic Agent execution completed.
2026-07-24 13:42:58 | INFO     | workflows.telesurgery_workflow | ======================================================================
2026-07-24 13:42:58 | INFO     | workflows.telesurgery_workflow | FINAL WORKFLOW RESULTS
2026-07-24 13:42:58 | INFO     | workflows.telesurgery_workflow | ======================================================================
2026-07-24 13:42:58 | INFO     | workflows.telesurgery_workflow | Diagnosis           : Emergency trauma
2026-07-24 13:42:58 | INFO     | workflows.telesurgery_workflow | Recommended Surgery : Emergency surgery
2026-07-24 13:42:58 | INFO     | workflows.telesurgery_workflow | Urgency             : critical
2026-07-24 13:42:58 | INFO     | workflows.telesurgery_workflow | Risk Level          : high
2026-07-24 13:42:58 | INFO     | workflows.telesurgery_workflow | Attack Detected     : False
2026-07-24 13:42:58 | INFO     | workflows.telesurgery_workflow | Attack Type         : none
2026-07-24 13:42:58 | INFO     | workflows.telesurgery_workflow | Severity            : low
2026-07-24 13:42:58 | INFO     | workflows.telesurgery_workflow | Selected Protocol   : UDP
2026-07-24 13:42:58 | INFO     | workflows.telesurgery_workflow | Protocol Reason     : Normal network
2026-07-24 13:42:58 | INFO     | workflows.telesurgery_workflow | Expected Latency    : Low
2026-07-24 13:42:58 | INFO     | workflows.telesurgery_workflow | Security Level      : Normal
2026-07-24 13:42:58 | INFO     | workflows.telesurgery_workflow | Action              : proceed
2026-07-24 13:42:58 | INFO     | workflows.telesurgery_workflow | Proceed             : True
2026-07-24 13:42:58 | INFO     | workflows.telesurgery_workflow | Reason              : emergency surgery required
2026-07-24 13:42:58 | INFO     | workflows.telesurgery_workflow | Confidence          : 90%
2026-07-24 13:42:58 | INFO     | workflows.telesurgery_workflow | Robot Status        : SUCCESS
2026-07-24 13:42:58 | INFO     | workflows.telesurgery_workflow | Robot Action        : Executing Surgery
2026-07-24 13:42:58 | INFO     | workflows.telesurgery_workflow | ======================================================================
2026-07-24 13:42:58 | INFO     | workflows.telesurgery_workflow | WORKFLOW COMPLETED SUCCESSFULLY
2026-07-24 13:42:58 | INFO     | workflows.telesurgery_workflow | Total Execution Time : 25.40 sec
2026-07-24 13:42:58 | INFO     | workflows.telesurgery_workflow | ======================================================================
2026-07-24 13:43:02 | INFO     | workflows.telesurgery_workflow | ======================================================================
2026-07-24 13:43:02 | INFO     | workflows.telesurgery_workflow | WORKFLOW STARTED
2026-07-24 13:43:02 | INFO     | workflows.telesurgery_workflow | ======================================================================
2026-07-24 13:43:02 | INFO     | workflows.telesurgery_workflow | Loading patient data...
2026-07-24 13:43:02 | INFO     | workflows.telesurgery_workflow | Patient data loaded successfully.
2026-07-24 13:43:02 | INFO     | workflows.telesurgery_workflow | PATIENT INFORMATION
2026-07-24 13:43:02 | INFO     | workflows.telesurgery_workflow | Patient ID : TC05
2026-07-24 13:43:02 | INFO     | workflows.telesurgery_workflow | Age        : 
2026-07-24 13:43:02 | INFO     | workflows.telesurgery_workflow | Gender     : 
2026-07-24 13:43:02 | INFO     | workflows.telesurgery_workflow | Symptoms   : 
2026-07-24 13:43:02 | INFO     | workflows.telesurgery_workflow | History    : None
2026-07-24 13:43:02 | INFO     | workflows.telesurgery_workflow | Loading network traffic data...
2026-07-24 13:43:02 | INFO     | workflows.telesurgery_workflow | Network data loaded successfully.
2026-07-24 13:43:02 | INFO     | workflows.telesurgery_workflow | NETWORK INFORMATION
2026-07-24 13:43:02 | INFO     | workflows.telesurgery_workflow | Latency       : 20
2026-07-24 13:43:02 | INFO     | workflows.telesurgery_workflow | Packet Loss   : 0
2026-07-24 13:43:02 | INFO     | workflows.telesurgery_workflow | Bandwidth     : None
2026-07-24 13:43:02 | INFO     | workflows.telesurgery_workflow | Attack Status : None
2026-07-24 13:43:02 | INFO     | workflows.telesurgery_workflow | ------------------------------------------------------------
2026-07-24 13:43:02 | INFO     | workflows.telesurgery_workflow | Passing Patient Data -> Doctor Agent
2026-07-24 13:43:02 | INFO     | workflows.telesurgery_workflow | ------------------------------------------------------------
2026-07-24 13:43:02 | INFO     | agents.doctor             | Generating diagnosis for patient TC05
2026-07-24 13:43:07 | INFO     | agents.doctor             | Diagnosis completed successfully.
2026-07-24 13:43:07 | INFO     | workflows.telesurgery_workflow | Doctor Agent completed successfully.
2026-07-24 13:43:07 | INFO     | workflows.telesurgery_workflow | ------------------------------------------------------------
2026-07-24 13:43:07 | INFO     | workflows.telesurgery_workflow | Passing Traffic Data -> Security Agent
2026-07-24 13:43:07 | INFO     | workflows.telesurgery_workflow | ------------------------------------------------------------
2026-07-24 13:43:16 | INFO     | workflows.telesurgery_workflow | Security Agent completed successfully.
2026-07-24 13:43:16 | INFO     | workflows.telesurgery_workflow | ------------------------------------------------------------
2026-07-24 13:43:16 | INFO     | workflows.telesurgery_workflow | Passing Security Result -> Protocol Switcher
2026-07-24 13:43:16 | INFO     | workflows.telesurgery_workflow | ------------------------------------------------------------
2026-07-24 13:43:16 | INFO     | workflows.telesurgery_workflow | Protocol selected successfully.
2026-07-24 13:43:16 | INFO     | workflows.telesurgery_workflow | ------------------------------------------------------------
2026-07-24 13:43:16 | INFO     | workflows.telesurgery_workflow | Passing Results -> Feedback Agent
2026-07-24 13:43:16 | INFO     | workflows.telesurgery_workflow | ------------------------------------------------------------
2026-07-24 13:43:26 | INFO     | workflows.telesurgery_workflow | Feedback generated successfully.
2026-07-24 13:43:26 | INFO     | workflows.telesurgery_workflow | ------------------------------------------------------------
2026-07-24 13:43:26 | INFO     | workflows.telesurgery_workflow | Passing Decision -> Robotic Agent
2026-07-24 13:43:26 | INFO     | workflows.telesurgery_workflow | ------------------------------------------------------------
2026-07-24 13:43:26 | INFO     | workflows.telesurgery_workflow | Robotic Agent execution completed.
2026-07-24 13:43:26 | INFO     | workflows.telesurgery_workflow | ======================================================================
2026-07-24 13:43:26 | INFO     | workflows.telesurgery_workflow | FINAL WORKFLOW RESULTS
2026-07-24 13:43:26 | INFO     | workflows.telesurgery_workflow | ======================================================================
2026-07-24 13:43:26 | INFO     | workflows.telesurgery_workflow | Diagnosis           : Multiple diseases
2026-07-24 13:43:26 | INFO     | workflows.telesurgery_workflow | Recommended Surgery : General surgery
2026-07-24 13:43:26 | INFO     | workflows.telesurgery_workflow | Urgency             : routine
2026-07-24 13:43:26 | INFO     | workflows.telesurgery_workflow | Risk Level          : medium
2026-07-24 13:43:26 | INFO     | workflows.telesurgery_workflow | Attack Detected     : False
2026-07-24 13:43:26 | INFO     | workflows.telesurgery_workflow | Attack Type         : none
2026-07-24 13:43:26 | INFO     | workflows.telesurgery_workflow | Severity            : low
2026-07-24 13:43:26 | INFO     | workflows.telesurgery_workflow | Selected Protocol   : UDP
2026-07-24 13:43:26 | INFO     | workflows.telesurgery_workflow | Protocol Reason     : Normal network
2026-07-24 13:43:26 | INFO     | workflows.telesurgery_workflow | Expected Latency    : Low
2026-07-24 13:43:26 | INFO     | workflows.telesurgery_workflow | Security Level      : Normal
2026-07-24 13:43:26 | INFO     | workflows.telesurgery_workflow | Action              : proceed
2026-07-24 13:43:26 | INFO     | workflows.telesurgery_workflow | Proceed             : True
2026-07-24 13:43:26 | INFO     | workflows.telesurgery_workflow | Reason              : surgery can proceed safely
2026-07-24 13:43:26 | INFO     | workflows.telesurgery_workflow | Confidence          : 0.8
2026-07-24 13:43:26 | INFO     | workflows.telesurgery_workflow | Robot Status        : SUCCESS
2026-07-24 13:43:26 | INFO     | workflows.telesurgery_workflow | Robot Action        : Executing Surgery
2026-07-24 13:43:26 | INFO     | workflows.telesurgery_workflow | ======================================================================
2026-07-24 13:43:26 | INFO     | workflows.telesurgery_workflow | WORKFLOW COMPLETED SUCCESSFULLY
2026-07-24 13:43:26 | INFO     | workflows.telesurgery_workflow | Total Execution Time : 24.19 sec
2026-07-24 13:43:26 | INFO     | workflows.telesurgery_workflow | ======================================================================
2026-07-24 13:43:29 | INFO     | workflows.telesurgery_workflow | ======================================================================
2026-07-24 13:43:29 | INFO     | workflows.telesurgery_workflow | WORKFLOW STARTED
2026-07-24 13:43:29 | INFO     | workflows.telesurgery_workflow | ======================================================================
2026-07-24 13:43:29 | INFO     | workflows.telesurgery_workflow | Loading patient data...
2026-07-24 13:43:29 | INFO     | workflows.telesurgery_workflow | Patient data loaded successfully.
2026-07-24 13:43:29 | INFO     | workflows.telesurgery_workflow | PATIENT INFORMATION
2026-07-24 13:43:29 | INFO     | workflows.telesurgery_workflow | Patient ID : TC06
2026-07-24 13:43:29 | INFO     | workflows.telesurgery_workflow | Age        : 
2026-07-24 13:43:29 | INFO     | workflows.telesurgery_workflow | Gender     : 
2026-07-24 13:43:29 | INFO     | workflows.telesurgery_workflow | Symptoms   : 
2026-07-24 13:43:29 | INFO     | workflows.telesurgery_workflow | History    : None
2026-07-24 13:43:29 | INFO     | workflows.telesurgery_workflow | Loading network traffic data...
2026-07-24 13:43:29 | INFO     | workflows.telesurgery_workflow | Network data loaded successfully.
2026-07-24 13:43:29 | INFO     | workflows.telesurgery_workflow | NETWORK INFORMATION
2026-07-24 13:43:29 | INFO     | workflows.telesurgery_workflow | Latency       : 20
2026-07-24 13:43:29 | INFO     | workflows.telesurgery_workflow | Packet Loss   : 0
2026-07-24 13:43:29 | INFO     | workflows.telesurgery_workflow | Bandwidth     : None
2026-07-24 13:43:29 | INFO     | workflows.telesurgery_workflow | Attack Status : None
2026-07-24 13:43:29 | INFO     | workflows.telesurgery_workflow | ------------------------------------------------------------
2026-07-24 13:43:29 | INFO     | workflows.telesurgery_workflow | Passing Patient Data -> Doctor Agent
2026-07-24 13:43:29 | INFO     | workflows.telesurgery_workflow | ------------------------------------------------------------
2026-07-24 13:43:29 | INFO     | agents.doctor             | Generating diagnosis for patient TC06
2026-07-24 13:43:36 | INFO     | agents.doctor             | Diagnosis completed successfully.
2026-07-24 13:43:36 | INFO     | workflows.telesurgery_workflow | Doctor Agent completed successfully.
2026-07-24 13:43:36 | INFO     | workflows.telesurgery_workflow | ------------------------------------------------------------
2026-07-24 13:43:36 | INFO     | workflows.telesurgery_workflow | Passing Traffic Data -> Security Agent
2026-07-24 13:43:36 | INFO     | workflows.telesurgery_workflow | ------------------------------------------------------------
2026-07-24 13:43:45 | INFO     | workflows.telesurgery_workflow | Security Agent completed successfully.
2026-07-24 13:43:45 | INFO     | workflows.telesurgery_workflow | ------------------------------------------------------------
2026-07-24 13:43:45 | INFO     | workflows.telesurgery_workflow | Passing Security Result -> Protocol Switcher
2026-07-24 13:43:45 | INFO     | workflows.telesurgery_workflow | ------------------------------------------------------------
2026-07-24 13:43:45 | INFO     | workflows.telesurgery_workflow | Protocol selected successfully.
2026-07-24 13:43:45 | INFO     | workflows.telesurgery_workflow | ------------------------------------------------------------
2026-07-24 13:43:45 | INFO     | workflows.telesurgery_workflow | Passing Results -> Feedback Agent
2026-07-24 13:43:45 | INFO     | workflows.telesurgery_workflow | ------------------------------------------------------------
2026-07-24 13:43:53 | INFO     | workflows.telesurgery_workflow | Feedback generated successfully.
2026-07-24 13:43:53 | INFO     | workflows.telesurgery_workflow | ------------------------------------------------------------
2026-07-24 13:43:53 | INFO     | workflows.telesurgery_workflow | Passing Decision -> Robotic Agent
2026-07-24 13:43:53 | INFO     | workflows.telesurgery_workflow | ------------------------------------------------------------
2026-07-24 13:43:53 | INFO     | workflows.telesurgery_workflow | Robotic Agent execution completed.
2026-07-24 13:43:53 | INFO     | workflows.telesurgery_workflow | ======================================================================
2026-07-24 13:43:53 | INFO     | workflows.telesurgery_workflow | FINAL WORKFLOW RESULTS
2026-07-24 13:43:53 | INFO     | workflows.telesurgery_workflow | ======================================================================
2026-07-24 13:43:53 | INFO     | workflows.telesurgery_workflow | Diagnosis           : Age-specific symptoms
2026-07-24 13:43:53 | INFO     | workflows.telesurgery_workflow | Recommended Surgery : Pediatric surgery
2026-07-24 13:43:53 | INFO     | workflows.telesurgery_workflow | Urgency             : routine
2026-07-24 13:43:53 | INFO     | workflows.telesurgery_workflow | Risk Level          : low
2026-07-24 13:43:53 | INFO     | workflows.telesurgery_workflow | Attack Detected     : False
2026-07-24 13:43:53 | INFO     | workflows.telesurgery_workflow | Attack Type         : none
2026-07-24 13:43:53 | INFO     | workflows.telesurgery_workflow | Severity            : low
2026-07-24 13:43:53 | INFO     | workflows.telesurgery_workflow | Selected Protocol   : UDP
2026-07-24 13:43:53 | INFO     | workflows.telesurgery_workflow | Protocol Reason     : Normal network
2026-07-24 13:43:53 | INFO     | workflows.telesurgery_workflow | Expected Latency    : Low
2026-07-24 13:43:53 | INFO     | workflows.telesurgery_workflow | Security Level      : Normal
2026-07-24 13:43:53 | INFO     | workflows.telesurgery_workflow | Action              : proceed
2026-07-24 13:43:53 | INFO     | workflows.telesurgery_workflow | Proceed             : True
2026-07-24 13:43:53 | INFO     | workflows.telesurgery_workflow | Reason              : patient safety and surgical continuity prioritized
2026-07-24 13:43:53 | INFO     | workflows.telesurgery_workflow | Confidence          : high
2026-07-24 13:43:53 | INFO     | workflows.telesurgery_workflow | Robot Status        : SUCCESS
2026-07-24 13:43:53 | INFO     | workflows.telesurgery_workflow | Robot Action        : Executing Surgery
2026-07-24 13:43:53 | INFO     | workflows.telesurgery_workflow | ======================================================================
2026-07-24 13:43:53 | INFO     | workflows.telesurgery_workflow | WORKFLOW COMPLETED SUCCESSFULLY
2026-07-24 13:43:53 | INFO     | workflows.telesurgery_workflow | Total Execution Time : 24.31 sec
2026-07-24 13:43:53 | INFO     | workflows.telesurgery_workflow | ======================================================================
2026-07-24 13:43:56 | INFO     | workflows.telesurgery_workflow | ======================================================================
2026-07-24 13:43:56 | INFO     | workflows.telesurgery_workflow | WORKFLOW STARTED
2026-07-24 13:43:56 | INFO     | workflows.telesurgery_workflow | ======================================================================
2026-07-24 13:43:56 | INFO     | workflows.telesurgery_workflow | Loading patient data...
2026-07-24 13:43:56 | INFO     | workflows.telesurgery_workflow | Patient data loaded successfully.
2026-07-24 13:43:56 | INFO     | workflows.telesurgery_workflow | PATIENT INFORMATION
2026-07-24 13:43:56 | INFO     | workflows.telesurgery_workflow | Patient ID : TC07
2026-07-24 13:43:56 | INFO     | workflows.telesurgery_workflow | Age        : 
2026-07-24 13:43:56 | INFO     | workflows.telesurgery_workflow | Gender     : 
2026-07-24 13:43:56 | INFO     | workflows.telesurgery_workflow | Symptoms   : 
2026-07-24 13:43:56 | INFO     | workflows.telesurgery_workflow | History    : None
2026-07-24 13:43:56 | INFO     | workflows.telesurgery_workflow | Loading network traffic data...
2026-07-24 13:43:56 | INFO     | workflows.telesurgery_workflow | Network data loaded successfully.
2026-07-24 13:43:56 | INFO     | workflows.telesurgery_workflow | NETWORK INFORMATION
2026-07-24 13:43:56 | INFO     | workflows.telesurgery_workflow | Latency       : 20
2026-07-24 13:43:56 | INFO     | workflows.telesurgery_workflow | Packet Loss   : 0
2026-07-24 13:43:56 | INFO     | workflows.telesurgery_workflow | Bandwidth     : None
2026-07-24 13:43:56 | INFO     | workflows.telesurgery_workflow | Attack Status : None
2026-07-24 13:43:56 | INFO     | workflows.telesurgery_workflow | ------------------------------------------------------------
2026-07-24 13:43:56 | INFO     | workflows.telesurgery_workflow | Passing Patient Data -> Doctor Agent
2026-07-24 13:43:56 | INFO     | workflows.telesurgery_workflow | ------------------------------------------------------------
2026-07-24 13:43:56 | INFO     | agents.doctor             | Generating diagnosis for patient TC07
2026-07-24 13:44:03 | INFO     | agents.doctor             | Diagnosis completed successfully.
2026-07-24 13:44:03 | INFO     | workflows.telesurgery_workflow | Doctor Agent completed successfully.
2026-07-24 13:44:03 | INFO     | workflows.telesurgery_workflow | ------------------------------------------------------------
2026-07-24 13:44:03 | INFO     | workflows.telesurgery_workflow | Passing Traffic Data -> Security Agent
2026-07-24 13:44:03 | INFO     | workflows.telesurgery_workflow | ------------------------------------------------------------
2026-07-24 13:44:13 | INFO     | workflows.telesurgery_workflow | Security Agent completed successfully.
2026-07-24 13:44:13 | INFO     | workflows.telesurgery_workflow | ------------------------------------------------------------
2026-07-24 13:44:13 | INFO     | workflows.telesurgery_workflow | Passing Security Result -> Protocol Switcher
2026-07-24 13:44:13 | INFO     | workflows.telesurgery_workflow | ------------------------------------------------------------
2026-07-24 13:44:13 | INFO     | workflows.telesurgery_workflow | Protocol selected successfully.
2026-07-24 13:44:13 | INFO     | workflows.telesurgery_workflow | ------------------------------------------------------------
2026-07-24 13:44:13 | INFO     | workflows.telesurgery_workflow | Passing Results -> Feedback Agent
2026-07-24 13:44:13 | INFO     | workflows.telesurgery_workflow | ------------------------------------------------------------
2026-07-24 13:44:22 | INFO     | workflows.telesurgery_workflow | Feedback generated successfully.
2026-07-24 13:44:22 | INFO     | workflows.telesurgery_workflow | ------------------------------------------------------------
2026-07-24 13:44:22 | INFO     | workflows.telesurgery_workflow | Passing Decision -> Robotic Agent
2026-07-24 13:44:22 | INFO     | workflows.telesurgery_workflow | ------------------------------------------------------------
2026-07-24 13:44:22 | INFO     | workflows.telesurgery_workflow | Robotic Agent execution completed.
2026-07-24 13:44:22 | INFO     | workflows.telesurgery_workflow | ======================================================================
2026-07-24 13:44:22 | INFO     | workflows.telesurgery_workflow | FINAL WORKFLOW RESULTS
2026-07-24 13:44:22 | INFO     | workflows.telesurgery_workflow | ======================================================================
2026-07-24 13:44:22 | INFO     | workflows.telesurgery_workflow | Diagnosis           : Partial input
2026-07-24 13:44:22 | INFO     | workflows.telesurgery_workflow | Recommended Surgery : Exploratory surgery
2026-07-24 13:44:22 | INFO     | workflows.telesurgery_workflow | Urgency             : critical
2026-07-24 13:44:22 | INFO     | workflows.telesurgery_workflow | Risk Level          : high
2026-07-24 13:44:22 | INFO     | workflows.telesurgery_workflow | Attack Detected     : False
2026-07-24 13:44:22 | INFO     | workflows.telesurgery_workflow | Attack Type         : none
2026-07-24 13:44:22 | INFO     | workflows.telesurgery_workflow | Severity            : low
2026-07-24 13:44:22 | INFO     | workflows.telesurgery_workflow | Selected Protocol   : UDP
2026-07-24 13:44:22 | INFO     | workflows.telesurgery_workflow | Protocol Reason     : Normal network
2026-07-24 13:44:22 | INFO     | workflows.telesurgery_workflow | Expected Latency    : Low
2026-07-24 13:44:22 | INFO     | workflows.telesurgery_workflow | Security Level      : Normal
2026-07-24 13:44:22 | INFO     | workflows.telesurgery_workflow | Action              : pause
2026-07-24 13:44:22 | INFO     | workflows.telesurgery_workflow | Proceed             : False
2026-07-24 13:44:22 | INFO     | workflows.telesurgery_workflow | Reason              : low confidence in diagnosis and high risk level
2026-07-24 13:44:22 | INFO     | workflows.telesurgery_workflow | Confidence          : low
2026-07-24 13:44:22 | INFO     | workflows.telesurgery_workflow | Robot Status        : PAUSED
2026-07-24 13:44:22 | INFO     | workflows.telesurgery_workflow | Robot Action        : Pause Surgery
2026-07-24 13:44:22 | INFO     | workflows.telesurgery_workflow | ======================================================================
2026-07-24 13:44:22 | INFO     | workflows.telesurgery_workflow | WORKFLOW COMPLETED SUCCESSFULLY
2026-07-24 13:44:22 | INFO     | workflows.telesurgery_workflow | Total Execution Time : 25.20 sec
2026-07-24 13:44:22 | INFO     | workflows.telesurgery_workflow | ======================================================================
2026-07-24 13:44:25 | INFO     | workflows.telesurgery_workflow | ======================================================================
2026-07-24 13:44:25 | INFO     | workflows.telesurgery_workflow | WORKFLOW STARTED
2026-07-24 13:44:25 | INFO     | workflows.telesurgery_workflow | ======================================================================
2026-07-24 13:44:25 | INFO     | workflows.telesurgery_workflow | Loading patient data...
2026-07-24 13:44:25 | INFO     | workflows.telesurgery_workflow | Patient data loaded successfully.
2026-07-24 13:44:25 | INFO     | workflows.telesurgery_workflow | PATIENT INFORMATION
2026-07-24 13:44:25 | INFO     | workflows.telesurgery_workflow | Patient ID : TC08
2026-07-24 13:44:25 | INFO     | workflows.telesurgery_workflow | Age        : 
2026-07-24 13:44:25 | INFO     | workflows.telesurgery_workflow | Gender     : 
2026-07-24 13:44:25 | INFO     | workflows.telesurgery_workflow | Symptoms   : 
2026-07-24 13:44:25 | INFO     | workflows.telesurgery_workflow | History    : None
2026-07-24 13:44:25 | INFO     | workflows.telesurgery_workflow | Loading network traffic data...
2026-07-24 13:44:25 | INFO     | workflows.telesurgery_workflow | Network data loaded successfully.
2026-07-24 13:44:25 | INFO     | workflows.telesurgery_workflow | NETWORK INFORMATION
2026-07-24 13:44:25 | INFO     | workflows.telesurgery_workflow | Latency       : 20
2026-07-24 13:44:25 | INFO     | workflows.telesurgery_workflow | Packet Loss   : 0
2026-07-24 13:44:25 | INFO     | workflows.telesurgery_workflow | Bandwidth     : None
2026-07-24 13:44:25 | INFO     | workflows.telesurgery_workflow | Attack Status : None
2026-07-24 13:44:25 | INFO     | workflows.telesurgery_workflow | ------------------------------------------------------------
2026-07-24 13:44:25 | INFO     | workflows.telesurgery_workflow | Passing Patient Data -> Doctor Agent
2026-07-24 13:44:25 | INFO     | workflows.telesurgery_workflow | ------------------------------------------------------------
2026-07-24 13:44:25 | INFO     | agents.doctor             | Generating diagnosis for patient TC08
2026-07-24 13:44:32 | INFO     | agents.doctor             | Diagnosis completed successfully.
2026-07-24 13:44:32 | INFO     | workflows.telesurgery_workflow | Doctor Agent completed successfully.
2026-07-24 13:44:32 | INFO     | workflows.telesurgery_workflow | ------------------------------------------------------------
2026-07-24 13:44:32 | INFO     | workflows.telesurgery_workflow | Passing Traffic Data -> Security Agent
2026-07-24 13:44:32 | INFO     | workflows.telesurgery_workflow | ------------------------------------------------------------
2026-07-24 13:44:40 | INFO     | workflows.telesurgery_workflow | Security Agent completed successfully.
2026-07-24 13:44:40 | INFO     | workflows.telesurgery_workflow | ------------------------------------------------------------
2026-07-24 13:44:40 | INFO     | workflows.telesurgery_workflow | Passing Security Result -> Protocol Switcher
2026-07-24 13:44:40 | INFO     | workflows.telesurgery_workflow | ------------------------------------------------------------
2026-07-24 13:44:40 | INFO     | workflows.telesurgery_workflow | Protocol selected successfully.
2026-07-24 13:44:40 | INFO     | workflows.telesurgery_workflow | ------------------------------------------------------------
2026-07-24 13:44:40 | INFO     | workflows.telesurgery_workflow | Passing Results -> Feedback Agent
2026-07-24 13:44:40 | INFO     | workflows.telesurgery_workflow | ------------------------------------------------------------
2026-07-24 13:44:49 | INFO     | workflows.telesurgery_workflow | Feedback generated successfully.
2026-07-24 13:44:49 | INFO     | workflows.telesurgery_workflow | ------------------------------------------------------------
2026-07-24 13:44:49 | INFO     | workflows.telesurgery_workflow | Passing Decision -> Robotic Agent
2026-07-24 13:44:49 | INFO     | workflows.telesurgery_workflow | ------------------------------------------------------------
2026-07-24 13:44:49 | INFO     | workflows.telesurgery_workflow | Robotic Agent execution completed.
2026-07-24 13:44:49 | INFO     | workflows.telesurgery_workflow | ======================================================================
2026-07-24 13:44:49 | INFO     | workflows.telesurgery_workflow | FINAL WORKFLOW RESULTS
2026-07-24 13:44:49 | INFO     | workflows.telesurgery_workflow | ======================================================================
2026-07-24 13:44:49 | INFO     | workflows.telesurgery_workflow | Diagnosis           : Incomplete record
2026-07-24 13:44:49 | INFO     | workflows.telesurgery_workflow | Recommended Surgery : Further evaluation
2026-07-24 13:44:49 | INFO     | workflows.telesurgery_workflow | Urgency             : routine
2026-07-24 13:44:49 | INFO     | workflows.telesurgery_workflow | Risk Level          : low
2026-07-24 13:44:49 | INFO     | workflows.telesurgery_workflow | Attack Detected     : False
2026-07-24 13:44:49 | INFO     | workflows.telesurgery_workflow | Attack Type         : none
2026-07-24 13:44:49 | INFO     | workflows.telesurgery_workflow | Severity            : low
2026-07-24 13:44:49 | INFO     | workflows.telesurgery_workflow | Selected Protocol   : UDP
2026-07-24 13:44:49 | INFO     | workflows.telesurgery_workflow | Protocol Reason     : Normal network
2026-07-24 13:44:49 | INFO     | workflows.telesurgery_workflow | Expected Latency    : Low
2026-07-24 13:44:49 | INFO     | workflows.telesurgery_workflow | Security Level      : Normal
2026-07-24 13:44:49 | INFO     | workflows.telesurgery_workflow | Action              : pause
2026-07-24 13:44:49 | INFO     | workflows.telesurgery_workflow | Proceed             : False
2026-07-24 13:44:49 | INFO     | workflows.telesurgery_workflow | Reason              : Incomplete patient record
2026-07-24 13:44:49 | INFO     | workflows.telesurgery_workflow | Confidence          : 50%
2026-07-24 13:44:49 | INFO     | workflows.telesurgery_workflow | Robot Status        : PAUSED
2026-07-24 13:44:49 | INFO     | workflows.telesurgery_workflow | Robot Action        : Pause Surgery
2026-07-24 13:44:49 | INFO     | workflows.telesurgery_workflow | ======================================================================
2026-07-24 13:44:49 | INFO     | workflows.telesurgery_workflow | WORKFLOW COMPLETED SUCCESSFULLY
2026-07-24 13:44:49 | INFO     | workflows.telesurgery_workflow | Total Execution Time : 23.99 sec
2026-07-24 13:44:49 | INFO     | workflows.telesurgery_workflow | ======================================================================
2026-07-24 13:44:52 | INFO     | workflows.telesurgery_workflow | ======================================================================
2026-07-24 13:44:52 | INFO     | workflows.telesurgery_workflow | WORKFLOW STARTED
2026-07-24 13:44:52 | INFO     | workflows.telesurgery_workflow | ======================================================================
2026-07-24 13:44:52 | INFO     | workflows.telesurgery_workflow | Loading patient data...
2026-07-24 13:44:52 | INFO     | workflows.telesurgery_workflow | Patient data loaded successfully.
2026-07-24 13:44:52 | INFO     | workflows.telesurgery_workflow | PATIENT INFORMATION
2026-07-24 13:44:52 | INFO     | workflows.telesurgery_workflow | Patient ID : TC09
2026-07-24 13:44:52 | INFO     | workflows.telesurgery_workflow | Age        : 
2026-07-24 13:44:52 | INFO     | workflows.telesurgery_workflow | Gender     : 
2026-07-24 13:44:52 | INFO     | workflows.telesurgery_workflow | Symptoms   : 
2026-07-24 13:44:52 | INFO     | workflows.telesurgery_workflow | History    : None
2026-07-24 13:44:52 | INFO     | workflows.telesurgery_workflow | Loading network traffic data...
2026-07-24 13:44:52 | INFO     | workflows.telesurgery_workflow | Network data loaded successfully.
2026-07-24 13:44:52 | INFO     | workflows.telesurgery_workflow | NETWORK INFORMATION
2026-07-24 13:44:52 | INFO     | workflows.telesurgery_workflow | Latency       : 20
2026-07-24 13:44:52 | INFO     | workflows.telesurgery_workflow | Packet Loss   : 0
2026-07-24 13:44:52 | INFO     | workflows.telesurgery_workflow | Bandwidth     : None
2026-07-24 13:44:52 | INFO     | workflows.telesurgery_workflow | Attack Status : None
2026-07-24 13:44:52 | INFO     | workflows.telesurgery_workflow | ------------------------------------------------------------
2026-07-24 13:44:52 | INFO     | workflows.telesurgery_workflow | Passing Patient Data -> Doctor Agent
2026-07-24 13:44:52 | INFO     | workflows.telesurgery_workflow | ------------------------------------------------------------
2026-07-24 13:44:52 | INFO     | agents.doctor             | Generating diagnosis for patient TC09
2026-07-24 13:44:59 | INFO     | agents.doctor             | Diagnosis completed successfully.
2026-07-24 13:44:59 | INFO     | workflows.telesurgery_workflow | Doctor Agent completed successfully.
2026-07-24 13:44:59 | INFO     | workflows.telesurgery_workflow | ------------------------------------------------------------
2026-07-24 13:44:59 | INFO     | workflows.telesurgery_workflow | Passing Traffic Data -> Security Agent
2026-07-24 13:44:59 | INFO     | workflows.telesurgery_workflow | ------------------------------------------------------------
2026-07-24 13:45:08 | INFO     | workflows.telesurgery_workflow | Security Agent completed successfully.
2026-07-24 13:45:08 | INFO     | workflows.telesurgery_workflow | ------------------------------------------------------------
2026-07-24 13:45:08 | INFO     | workflows.telesurgery_workflow | Passing Security Result -> Protocol Switcher
2026-07-24 13:45:08 | INFO     | workflows.telesurgery_workflow | ------------------------------------------------------------
2026-07-24 13:45:08 | INFO     | workflows.telesurgery_workflow | Protocol selected successfully.
2026-07-24 13:45:08 | INFO     | workflows.telesurgery_workflow | ------------------------------------------------------------
2026-07-24 13:45:08 | INFO     | workflows.telesurgery_workflow | Passing Results -> Feedback Agent
2026-07-24 13:45:08 | INFO     | workflows.telesurgery_workflow | ------------------------------------------------------------
2026-07-24 13:45:17 | INFO     | workflows.telesurgery_workflow | Feedback generated successfully.
2026-07-24 13:45:17 | INFO     | workflows.telesurgery_workflow | ------------------------------------------------------------
2026-07-24 13:45:17 | INFO     | workflows.telesurgery_workflow | Passing Decision -> Robotic Agent
2026-07-24 13:45:17 | INFO     | workflows.telesurgery_workflow | ------------------------------------------------------------
2026-07-24 13:45:17 | INFO     | workflows.telesurgery_workflow | Robotic Agent execution completed.
2026-07-24 13:45:17 | INFO     | workflows.telesurgery_workflow | ======================================================================
2026-07-24 13:45:17 | INFO     | workflows.telesurgery_workflow | FINAL WORKFLOW RESULTS
2026-07-24 13:45:17 | INFO     | workflows.telesurgery_workflow | ======================================================================
2026-07-24 13:45:17 | INFO     | workflows.telesurgery_workflow | Diagnosis           : Ambiguous input
2026-07-24 13:45:17 | INFO     | workflows.telesurgery_workflow | Recommended Surgery : Diagnostic procedure
2026-07-24 13:45:17 | INFO     | workflows.telesurgery_workflow | Urgency             : routine
2026-07-24 13:45:17 | INFO     | workflows.telesurgery_workflow | Risk Level          : low
2026-07-24 13:45:17 | INFO     | workflows.telesurgery_workflow | Attack Detected     : False
2026-07-24 13:45:17 | INFO     | workflows.telesurgery_workflow | Attack Type         : none
2026-07-24 13:45:17 | INFO     | workflows.telesurgery_workflow | Severity            : low
2026-07-24 13:45:17 | INFO     | workflows.telesurgery_workflow | Selected Protocol   : UDP
2026-07-24 13:45:17 | INFO     | workflows.telesurgery_workflow | Protocol Reason     : Normal network
2026-07-24 13:45:17 | INFO     | workflows.telesurgery_workflow | Expected Latency    : Low
2026-07-24 13:45:17 | INFO     | workflows.telesurgery_workflow | Security Level      : Normal
2026-07-24 13:45:17 | INFO     | workflows.telesurgery_workflow | Action              : proceed
2026-07-24 13:45:17 | INFO     | workflows.telesurgery_workflow | Proceed             : True
2026-07-24 13:45:17 | INFO     | workflows.telesurgery_workflow | Reason              : patient safety and surgical continuity prioritized
2026-07-24 13:45:17 | INFO     | workflows.telesurgery_workflow | Confidence          : 0.8
2026-07-24 13:45:17 | INFO     | workflows.telesurgery_workflow | Robot Status        : SUCCESS
2026-07-24 13:45:17 | INFO     | workflows.telesurgery_workflow | Robot Action        : Executing Surgery
2026-07-24 13:45:17 | INFO     | workflows.telesurgery_workflow | ======================================================================
2026-07-24 13:45:17 | INFO     | workflows.telesurgery_workflow | WORKFLOW COMPLETED SUCCESSFULLY
2026-07-24 13:45:17 | INFO     | workflows.telesurgery_workflow | Total Execution Time : 24.92 sec
2026-07-24 13:45:17 | INFO     | workflows.telesurgery_workflow | ======================================================================
2026-07-24 13:45:21 | INFO     | workflows.telesurgery_workflow | ======================================================================
2026-07-24 13:45:21 | INFO     | workflows.telesurgery_workflow | WORKFLOW STARTED
2026-07-24 13:45:21 | INFO     | workflows.telesurgery_workflow | ======================================================================
2026-07-24 13:45:21 | INFO     | workflows.telesurgery_workflow | Loading patient data...
2026-07-24 13:45:21 | INFO     | workflows.telesurgery_workflow | Patient data loaded successfully.
2026-07-24 13:45:21 | INFO     | workflows.telesurgery_workflow | PATIENT INFORMATION
2026-07-24 13:45:21 | INFO     | workflows.telesurgery_workflow | Patient ID : TC10
2026-07-24 13:45:21 | INFO     | workflows.telesurgery_workflow | Age        : 
2026-07-24 13:45:21 | INFO     | workflows.telesurgery_workflow | Gender     : 
2026-07-24 13:45:21 | INFO     | workflows.telesurgery_workflow | Symptoms   : 
2026-07-24 13:45:21 | INFO     | workflows.telesurgery_workflow | History    : None
2026-07-24 13:45:21 | INFO     | workflows.telesurgery_workflow | Loading network traffic data...
2026-07-24 13:45:21 | INFO     | workflows.telesurgery_workflow | Network data loaded successfully.
2026-07-24 13:45:21 | INFO     | workflows.telesurgery_workflow | NETWORK INFORMATION
2026-07-24 13:45:21 | INFO     | workflows.telesurgery_workflow | Latency       : 20
2026-07-24 13:45:21 | INFO     | workflows.telesurgery_workflow | Packet Loss   : 0
2026-07-24 13:45:21 | INFO     | workflows.telesurgery_workflow | Bandwidth     : None
2026-07-24 13:45:21 | INFO     | workflows.telesurgery_workflow | Attack Status : None
2026-07-24 13:45:21 | INFO     | workflows.telesurgery_workflow | ------------------------------------------------------------
2026-07-24 13:45:21 | INFO     | workflows.telesurgery_workflow | Passing Patient Data -> Doctor Agent
2026-07-24 13:45:21 | INFO     | workflows.telesurgery_workflow | ------------------------------------------------------------
2026-07-24 13:45:21 | INFO     | agents.doctor             | Generating diagnosis for patient TC10
2026-07-24 13:52:47 | INFO     | workflows.telesurgery_workflow | Initializing Telesurgery Workflow...
2026-07-24 13:52:48 | INFO     | agents.doctor             | Doctor Agent initialized.
2026-07-24 13:52:50 | INFO     | workflows.telesurgery_workflow | All agents initialized successfully.
2026-07-24 13:53:00 | INFO     | workflows.telesurgery_workflow | ======================================================================
2026-07-24 13:53:00 | INFO     | workflows.telesurgery_workflow | WORKFLOW STARTED
2026-07-24 13:53:00 | INFO     | workflows.telesurgery_workflow | ======================================================================
2026-07-24 13:53:00 | INFO     | workflows.telesurgery_workflow | Loading patient data...
2026-07-24 13:53:00 | INFO     | workflows.telesurgery_workflow | Patient data loaded successfully.
2026-07-24 13:53:00 | INFO     | workflows.telesurgery_workflow | PATIENT INFORMATION
2026-07-24 13:53:00 | INFO     | workflows.telesurgery_workflow | Patient ID : TC01
2026-07-24 13:53:00 | INFO     | workflows.telesurgery_workflow | Age        : 
2026-07-24 13:53:00 | INFO     | workflows.telesurgery_workflow | Gender     : 
2026-07-24 13:53:00 | INFO     | workflows.telesurgery_workflow | Symptoms   : 
2026-07-24 13:53:00 | INFO     | workflows.telesurgery_workflow | History    : None
2026-07-24 13:53:00 | INFO     | workflows.telesurgery_workflow | Loading network traffic data...
2026-07-24 13:53:00 | INFO     | workflows.telesurgery_workflow | Network data loaded successfully.
2026-07-24 13:53:00 | INFO     | workflows.telesurgery_workflow | NETWORK INFORMATION
2026-07-24 13:53:00 | INFO     | workflows.telesurgery_workflow | Latency       : 20
2026-07-24 13:53:00 | INFO     | workflows.telesurgery_workflow | Packet Loss   : 0
2026-07-24 13:53:00 | INFO     | workflows.telesurgery_workflow | Bandwidth     : None
2026-07-24 13:53:00 | INFO     | workflows.telesurgery_workflow | Attack Status : None
2026-07-24 13:53:00 | INFO     | workflows.telesurgery_workflow | ------------------------------------------------------------
2026-07-24 13:53:00 | INFO     | workflows.telesurgery_workflow | Passing Patient Data -> Doctor Agent
2026-07-24 13:53:00 | INFO     | workflows.telesurgery_workflow | ------------------------------------------------------------
2026-07-24 13:53:00 | INFO     | agents.doctor             | Generating diagnosis for patient TC01
2026-07-24 13:53:01 | INFO     | agents.doctor             | Diagnosis completed successfully.
2026-07-24 13:53:01 | INFO     | workflows.telesurgery_workflow | Doctor Agent completed successfully.
2026-07-24 13:53:01 | INFO     | workflows.telesurgery_workflow | ------------------------------------------------------------
2026-07-24 13:53:01 | INFO     | workflows.telesurgery_workflow | Passing Traffic Data -> Security Agent
2026-07-24 13:53:01 | INFO     | workflows.telesurgery_workflow | ------------------------------------------------------------
2026-07-24 13:53:01 | INFO     | workflows.telesurgery_workflow | Security Agent completed successfully.
2026-07-24 13:53:01 | INFO     | workflows.telesurgery_workflow | ------------------------------------------------------------
2026-07-24 13:53:01 | INFO     | workflows.telesurgery_workflow | Passing Security Result -> Protocol Switcher
2026-07-24 13:53:01 | INFO     | workflows.telesurgery_workflow | ------------------------------------------------------------
2026-07-24 13:53:01 | INFO     | workflows.telesurgery_workflow | Protocol selected successfully.
2026-07-24 13:53:01 | INFO     | workflows.telesurgery_workflow | ------------------------------------------------------------
2026-07-24 13:53:01 | INFO     | workflows.telesurgery_workflow | Passing Results -> Feedback Agent
2026-07-24 13:53:01 | INFO     | workflows.telesurgery_workflow | ------------------------------------------------------------
2026-07-24 13:53:02 | INFO     | workflows.telesurgery_workflow | Feedback generated successfully.
2026-07-24 13:53:02 | INFO     | workflows.telesurgery_workflow | ------------------------------------------------------------
2026-07-24 13:53:02 | INFO     | workflows.telesurgery_workflow | Passing Decision -> Robotic Agent
2026-07-24 13:53:02 | INFO     | workflows.telesurgery_workflow | ------------------------------------------------------------
2026-07-24 13:53:02 | INFO     | workflows.telesurgery_workflow | Robotic Agent execution completed.
2026-07-24 13:53:02 | INFO     | workflows.telesurgery_workflow | ======================================================================
2026-07-24 13:53:02 | INFO     | workflows.telesurgery_workflow | FINAL WORKFLOW RESULTS
2026-07-24 13:53:02 | INFO     | workflows.telesurgery_workflow | ======================================================================
2026-07-24 13:53:02 | INFO     | workflows.telesurgery_workflow | Diagnosis           : Normal appendicitis
2026-07-24 13:53:02 | INFO     | workflows.telesurgery_workflow | Recommended Surgery : Appendectomy
2026-07-24 13:53:02 | INFO     | workflows.telesurgery_workflow | Urgency             : urgent
2026-07-24 13:53:02 | INFO     | workflows.telesurgery_workflow | Risk Level          : medium
2026-07-24 13:53:02 | INFO     | workflows.telesurgery_workflow | Attack Detected     : False
2026-07-24 13:53:02 | INFO     | workflows.telesurgery_workflow | Attack Type         : none
2026-07-24 13:53:02 | INFO     | workflows.telesurgery_workflow | Severity            : low
2026-07-24 13:53:02 | INFO     | workflows.telesurgery_workflow | Selected Protocol   : UDP
2026-07-24 13:53:02 | INFO     | workflows.telesurgery_workflow | Protocol Reason     : Normal network
2026-07-24 13:53:02 | INFO     | workflows.telesurgery_workflow | Expected Latency    : Low
2026-07-24 13:53:02 | INFO     | workflows.telesurgery_workflow | Security Level      : Normal
2026-07-24 13:53:02 | INFO     | workflows.telesurgery_workflow | Action              : proceed
2026-07-24 13:53:02 | INFO     | workflows.telesurgery_workflow | Proceed             : True
2026-07-24 13:53:02 | INFO     | workflows.telesurgery_workflow | Reason              : normal network and no attack detected
2026-07-24 13:53:02 | INFO     | workflows.telesurgery_workflow | Confidence          : high
2026-07-24 13:53:02 | INFO     | workflows.telesurgery_workflow | Robot Status        : SUCCESS
2026-07-24 13:53:02 | INFO     | workflows.telesurgery_workflow | Robot Action        : Executing Surgery
2026-07-24 13:53:02 | INFO     | workflows.telesurgery_workflow | ======================================================================
2026-07-24 13:53:02 | INFO     | workflows.telesurgery_workflow | WORKFLOW COMPLETED SUCCESSFULLY
2026-07-24 13:53:02 | INFO     | workflows.telesurgery_workflow | Total Execution Time : 2.18 sec
2026-07-24 13:53:02 | INFO     | workflows.telesurgery_workflow | ======================================================================
2026-07-24 13:53:06 | INFO     | workflows.telesurgery_workflow | ======================================================================
2026-07-24 13:53:06 | INFO     | workflows.telesurgery_workflow | WORKFLOW STARTED
2026-07-24 13:53:06 | INFO     | workflows.telesurgery_workflow | ======================================================================
2026-07-24 13:53:06 | INFO     | workflows.telesurgery_workflow | Loading patient data...
2026-07-24 13:53:06 | INFO     | workflows.telesurgery_workflow | Patient data loaded successfully.
2026-07-24 13:53:06 | INFO     | workflows.telesurgery_workflow | PATIENT INFORMATION
2026-07-24 13:53:06 | INFO     | workflows.telesurgery_workflow | Patient ID : TC02
2026-07-24 13:53:06 | INFO     | workflows.telesurgery_workflow | Age        : 
2026-07-24 13:53:06 | INFO     | workflows.telesurgery_workflow | Gender     : 
2026-07-24 13:53:06 | INFO     | workflows.telesurgery_workflow | Symptoms   : 
2026-07-24 13:53:06 | INFO     | workflows.telesurgery_workflow | History    : None
2026-07-24 13:53:06 | INFO     | workflows.telesurgery_workflow | Loading network traffic data...
2026-07-24 13:53:06 | INFO     | workflows.telesurgery_workflow | Network data loaded successfully.
2026-07-24 13:53:06 | INFO     | workflows.telesurgery_workflow | NETWORK INFORMATION
2026-07-24 13:53:06 | INFO     | workflows.telesurgery_workflow | Latency       : 20
2026-07-24 13:53:06 | INFO     | workflows.telesurgery_workflow | Packet Loss   : 0
2026-07-24 13:53:06 | INFO     | workflows.telesurgery_workflow | Bandwidth     : None
2026-07-24 13:53:06 | INFO     | workflows.telesurgery_workflow | Attack Status : None
2026-07-24 13:53:06 | INFO     | workflows.telesurgery_workflow | ------------------------------------------------------------
2026-07-24 13:53:06 | INFO     | workflows.telesurgery_workflow | Passing Patient Data -> Doctor Agent
2026-07-24 13:53:06 | INFO     | workflows.telesurgery_workflow | ------------------------------------------------------------
2026-07-24 13:53:06 | INFO     | agents.doctor             | Generating diagnosis for patient TC02
2026-07-24 13:53:07 | INFO     | agents.doctor             | Diagnosis completed successfully.
2026-07-24 13:53:07 | INFO     | workflows.telesurgery_workflow | Doctor Agent completed successfully.
2026-07-24 13:53:07 | INFO     | workflows.telesurgery_workflow | ------------------------------------------------------------
2026-07-24 13:53:07 | INFO     | workflows.telesurgery_workflow | Passing Traffic Data -> Security Agent
2026-07-24 13:53:07 | INFO     | workflows.telesurgery_workflow | ------------------------------------------------------------
2026-07-24 13:53:07 | INFO     | workflows.telesurgery_workflow | Security Agent completed successfully.
2026-07-24 13:53:07 | INFO     | workflows.telesurgery_workflow | ------------------------------------------------------------
2026-07-24 13:53:07 | INFO     | workflows.telesurgery_workflow | Passing Security Result -> Protocol Switcher
2026-07-24 13:53:07 | INFO     | workflows.telesurgery_workflow | ------------------------------------------------------------
2026-07-24 13:53:07 | INFO     | workflows.telesurgery_workflow | Protocol selected successfully.
2026-07-24 13:53:07 | INFO     | workflows.telesurgery_workflow | ------------------------------------------------------------
2026-07-24 13:53:07 | INFO     | workflows.telesurgery_workflow | Passing Results -> Feedback Agent
2026-07-24 13:53:07 | INFO     | workflows.telesurgery_workflow | ------------------------------------------------------------
2026-07-24 13:53:08 | INFO     | workflows.telesurgery_workflow | Feedback generated successfully.
2026-07-24 13:53:08 | INFO     | workflows.telesurgery_workflow | ------------------------------------------------------------
2026-07-24 13:53:08 | INFO     | workflows.telesurgery_workflow | Passing Decision -> Robotic Agent
2026-07-24 13:53:08 | INFO     | workflows.telesurgery_workflow | ------------------------------------------------------------
2026-07-24 13:53:08 | INFO     | workflows.telesurgery_workflow | Robotic Agent execution completed.
2026-07-24 13:53:08 | INFO     | workflows.telesurgery_workflow | ======================================================================
2026-07-24 13:53:08 | INFO     | workflows.telesurgery_workflow | FINAL WORKFLOW RESULTS
2026-07-24 13:53:08 | INFO     | workflows.telesurgery_workflow | ======================================================================
2026-07-24 13:53:08 | INFO     | workflows.telesurgery_workflow | Diagnosis           : Cholecystitis vs appendicitis
2026-07-24 13:53:08 | INFO     | workflows.telesurgery_workflow | Recommended Surgery : Laparoscopic Cholecystectomy or Laparoscopic Appendectomy
2026-07-24 13:53:08 | INFO     | workflows.telesurgery_workflow | Urgency             : urgent
2026-07-24 13:53:08 | INFO     | workflows.telesurgery_workflow | Risk Level          : medium
2026-07-24 13:53:08 | INFO     | workflows.telesurgery_workflow | Attack Detected     : False
2026-07-24 13:53:08 | INFO     | workflows.telesurgery_workflow | Attack Type         : none
2026-07-24 13:53:08 | INFO     | workflows.telesurgery_workflow | Severity            : low
2026-07-24 13:53:08 | INFO     | workflows.telesurgery_workflow | Selected Protocol   : UDP
2026-07-24 13:53:08 | INFO     | workflows.telesurgery_workflow | Protocol Reason     : Normal network
2026-07-24 13:53:08 | INFO     | workflows.telesurgery_workflow | Expected Latency    : Low
2026-07-24 13:53:08 | INFO     | workflows.telesurgery_workflow | Security Level      : Normal
2026-07-24 13:53:08 | INFO     | workflows.telesurgery_workflow | Action              : proceed
2026-07-24 13:53:08 | INFO     | workflows.telesurgery_workflow | Proceed             : True
2026-07-24 13:53:08 | INFO     | workflows.telesurgery_workflow | Reason              : surgery can safely proceed based on agent outputs
2026-07-24 13:53:08 | INFO     | workflows.telesurgery_workflow | Confidence          : 0.8
2026-07-24 13:53:08 | INFO     | workflows.telesurgery_workflow | Robot Status        : SUCCESS
2026-07-24 13:53:08 | INFO     | workflows.telesurgery_workflow | Robot Action        : Executing Surgery
2026-07-24 13:53:08 | INFO     | workflows.telesurgery_workflow | ======================================================================
2026-07-24 13:53:08 | INFO     | workflows.telesurgery_workflow | WORKFLOW COMPLETED SUCCESSFULLY
2026-07-24 13:53:08 | INFO     | workflows.telesurgery_workflow | Total Execution Time : 1.79 sec
2026-07-24 13:53:08 | INFO     | workflows.telesurgery_workflow | ======================================================================
2026-07-24 13:53:12 | INFO     | workflows.telesurgery_workflow | ======================================================================
2026-07-24 13:53:12 | INFO     | workflows.telesurgery_workflow | WORKFLOW STARTED
2026-07-24 13:53:12 | INFO     | workflows.telesurgery_workflow | ======================================================================
2026-07-24 13:53:12 | INFO     | workflows.telesurgery_workflow | Loading patient data...
2026-07-24 13:53:12 | INFO     | workflows.telesurgery_workflow | Patient data loaded successfully.
2026-07-24 13:53:12 | INFO     | workflows.telesurgery_workflow | PATIENT INFORMATION
2026-07-24 13:53:12 | INFO     | workflows.telesurgery_workflow | Patient ID : TC03
2026-07-24 13:53:12 | INFO     | workflows.telesurgery_workflow | Age        : 
2026-07-24 13:53:12 | INFO     | workflows.telesurgery_workflow | Gender     : 
2026-07-24 13:53:12 | INFO     | workflows.telesurgery_workflow | Symptoms   : 
2026-07-24 13:53:12 | INFO     | workflows.telesurgery_workflow | History    : None
2026-07-24 13:53:12 | INFO     | workflows.telesurgery_workflow | Loading network traffic data...
2026-07-24 13:53:12 | INFO     | workflows.telesurgery_workflow | Network data loaded successfully.
2026-07-24 13:53:12 | INFO     | workflows.telesurgery_workflow | NETWORK INFORMATION
2026-07-24 13:53:12 | INFO     | workflows.telesurgery_workflow | Latency       : 20
2026-07-24 13:53:12 | INFO     | workflows.telesurgery_workflow | Packet Loss   : 0
2026-07-24 13:53:12 | INFO     | workflows.telesurgery_workflow | Bandwidth     : None
2026-07-24 13:53:12 | INFO     | workflows.telesurgery_workflow | Attack Status : None
2026-07-24 13:53:12 | INFO     | workflows.telesurgery_workflow | ------------------------------------------------------------
2026-07-24 13:53:12 | INFO     | workflows.telesurgery_workflow | Passing Patient Data -> Doctor Agent
2026-07-24 13:53:12 | INFO     | workflows.telesurgery_workflow | ------------------------------------------------------------
2026-07-24 13:53:12 | INFO     | agents.doctor             | Generating diagnosis for patient TC03
2026-07-24 13:53:12 | INFO     | agents.doctor             | Diagnosis completed successfully.
2026-07-24 13:53:12 | INFO     | workflows.telesurgery_workflow | Doctor Agent completed successfully.
2026-07-24 13:53:12 | INFO     | workflows.telesurgery_workflow | ------------------------------------------------------------
2026-07-24 13:53:12 | INFO     | workflows.telesurgery_workflow | Passing Traffic Data -> Security Agent
2026-07-24 13:53:12 | INFO     | workflows.telesurgery_workflow | ------------------------------------------------------------
2026-07-24 13:53:16 | INFO     | workflows.telesurgery_workflow | Security Agent completed successfully.
2026-07-24 13:53:16 | INFO     | workflows.telesurgery_workflow | ------------------------------------------------------------
2026-07-24 13:53:16 | INFO     | workflows.telesurgery_workflow | Passing Security Result -> Protocol Switcher
2026-07-24 13:53:16 | INFO     | workflows.telesurgery_workflow | ------------------------------------------------------------
2026-07-24 13:53:16 | INFO     | workflows.telesurgery_workflow | Protocol selected successfully.
2026-07-24 13:53:16 | INFO     | workflows.telesurgery_workflow | ------------------------------------------------------------
2026-07-24 13:53:16 | INFO     | workflows.telesurgery_workflow | Passing Results -> Feedback Agent
2026-07-24 13:53:16 | INFO     | workflows.telesurgery_workflow | ------------------------------------------------------------
2026-07-24 13:53:26 | INFO     | workflows.telesurgery_workflow | Feedback generated successfully.
2026-07-24 13:53:26 | INFO     | workflows.telesurgery_workflow | ------------------------------------------------------------
2026-07-24 13:53:26 | INFO     | workflows.telesurgery_workflow | Passing Decision -> Robotic Agent
2026-07-24 13:53:26 | INFO     | workflows.telesurgery_workflow | ------------------------------------------------------------
2026-07-24 13:53:26 | INFO     | workflows.telesurgery_workflow | Robotic Agent execution completed.
2026-07-24 13:53:26 | INFO     | workflows.telesurgery_workflow | ======================================================================
2026-07-24 13:53:26 | INFO     | workflows.telesurgery_workflow | FINAL WORKFLOW RESULTS
2026-07-24 13:53:26 | INFO     | workflows.telesurgery_workflow | ======================================================================
2026-07-24 13:53:26 | INFO     | workflows.telesurgery_workflow | Diagnosis           : Low severity
2026-07-24 13:53:26 | INFO     | workflows.telesurgery_workflow | Recommended Surgery : Routine monitoring
2026-07-24 13:53:26 | INFO     | workflows.telesurgery_workflow | Urgency             : routine
2026-07-24 13:53:26 | INFO     | workflows.telesurgery_workflow | Risk Level          : low
2026-07-24 13:53:26 | INFO     | workflows.telesurgery_workflow | Attack Detected     : False
2026-07-24 13:53:26 | INFO     | workflows.telesurgery_workflow | Attack Type         : none
2026-07-24 13:53:26 | INFO     | workflows.telesurgery_workflow | Severity            : low
2026-07-24 13:53:26 | INFO     | workflows.telesurgery_workflow | Selected Protocol   : UDP
2026-07-24 13:53:26 | INFO     | workflows.telesurgery_workflow | Protocol Reason     : Normal network
2026-07-24 13:53:26 | INFO     | workflows.telesurgery_workflow | Expected Latency    : Low
2026-07-24 13:53:26 | INFO     | workflows.telesurgery_workflow | Security Level      : Normal
2026-07-24 13:53:26 | INFO     | workflows.telesurgery_workflow | Action              : proceed
2026-07-24 13:53:26 | INFO     | workflows.telesurgery_workflow | Proceed             : True
2026-07-24 13:53:26 | INFO     | workflows.telesurgery_workflow | Reason              : low risk level and no security threats detected
2026-07-24 13:53:26 | INFO     | workflows.telesurgery_workflow | Confidence          : high
2026-07-24 13:53:26 | INFO     | workflows.telesurgery_workflow | Robot Status        : SUCCESS
2026-07-24 13:53:26 | INFO     | workflows.telesurgery_workflow | Robot Action        : Executing Surgery
2026-07-24 13:53:26 | INFO     | workflows.telesurgery_workflow | ======================================================================
2026-07-24 13:53:26 | INFO     | workflows.telesurgery_workflow | WORKFLOW COMPLETED SUCCESSFULLY
2026-07-24 13:53:26 | INFO     | workflows.telesurgery_workflow | Total Execution Time : 14.25 sec
2026-07-24 13:53:26 | INFO     | workflows.telesurgery_workflow | ======================================================================
2026-07-24 13:53:29 | INFO     | workflows.telesurgery_workflow | ======================================================================
2026-07-24 13:53:29 | INFO     | workflows.telesurgery_workflow | WORKFLOW STARTED
2026-07-24 13:53:29 | INFO     | workflows.telesurgery_workflow | ======================================================================
2026-07-24 13:53:29 | INFO     | workflows.telesurgery_workflow | Loading patient data...
2026-07-24 13:53:29 | INFO     | workflows.telesurgery_workflow | Patient data loaded successfully.
2026-07-24 13:53:29 | INFO     | workflows.telesurgery_workflow | PATIENT INFORMATION
2026-07-24 13:53:29 | INFO     | workflows.telesurgery_workflow | Patient ID : TC04
2026-07-24 13:53:29 | INFO     | workflows.telesurgery_workflow | Age        : 
2026-07-24 13:53:29 | INFO     | workflows.telesurgery_workflow | Gender     : 
2026-07-24 13:53:29 | INFO     | workflows.telesurgery_workflow | Symptoms   : 
2026-07-24 13:53:29 | INFO     | workflows.telesurgery_workflow | History    : None
2026-07-24 13:53:29 | INFO     | workflows.telesurgery_workflow | Loading network traffic data...
2026-07-24 13:53:29 | INFO     | workflows.telesurgery_workflow | Network data loaded successfully.
2026-07-24 13:53:29 | INFO     | workflows.telesurgery_workflow | NETWORK INFORMATION
2026-07-24 13:53:29 | INFO     | workflows.telesurgery_workflow | Latency       : 20
2026-07-24 13:53:29 | INFO     | workflows.telesurgery_workflow | Packet Loss   : 0
2026-07-24 13:53:29 | INFO     | workflows.telesurgery_workflow | Bandwidth     : None
2026-07-24 13:53:29 | INFO     | workflows.telesurgery_workflow | Attack Status : None
2026-07-24 13:53:29 | INFO     | workflows.telesurgery_workflow | ------------------------------------------------------------
2026-07-24 13:53:29 | INFO     | workflows.telesurgery_workflow | Passing Patient Data -> Doctor Agent
2026-07-24 13:53:29 | INFO     | workflows.telesurgery_workflow | ------------------------------------------------------------
2026-07-24 13:53:29 | INFO     | agents.doctor             | Generating diagnosis for patient TC04
